CELL_LINE,COMPOUND_A,DSS_A
A2058,5-FU,14.79482259
A2058,5-FU,0
A2058,ABT-888,0
A2058,AZD1775,29.57126144
A2058,AZD1775,39.32992698
A2058,BEZ-235,49.70878189
A2058,BORTEZOMIB,50.19441419
A2058,CARBOPLATIN,33.53464951
A2058,CYCLOPHOSPHAMIDE,0
A2058,DASATINIB,0
A2058,DASATINIB,17.34033299
A2058,DEXAMETHASONE,0
A2058,DINACICLIB,45.20499988
A2058,DOXORUBICIN,57.89018551
A2058,ERLOTINIB,0
A2058,ETOPOSIDE,82.23285079
A2058,GEMCITABINE,40.13437275
A2058,GEMCITABINE,40.55221096
A2058,L778123,12.86674712
A2058,L778123,0
A2058,LAPATINIB,0
A2058,MK-2206,15.157491
A2058,MK-2206,0
A2058,MK-4541,0
A2058,MK-4827,57.47155717
A2058,MK-4827,71.58986622
A2058,MK-5108,17.40024232
A2058,MK-8669,1.28279262
A2058,MRK-003,0
A2058,METFORMIN,0
A2058,METHOTREXATE,52.35718327
A2058,MITOMYCINE,65.97623184
A2058,MITOMYCINE,41.8631863
A2058,OXALIPLATIN,13.10979143
A2058,PD325901,15.01422941
A2058,PACLITAXEL,54.81300134
A2058,SN-38,31.92048097
A2058,SORAFENIB,11.54879128
A2058,SUNITINIB,24.09448303
A2058,SUNITINIB,2.31125249
A2058,TEMOZOLOMIDE,49.85838751
A2058,TEMOZOLOMIDE,49.62647115
A2058,TOPOTECAN,69.0916187
A2058,VINBLASTINE,47.8445284
A2058,VINORELBINE,55.78685659
A2058,ZOLINZA,33.28759354
A2058,GELDANAMYCIN,78.6150909
A2780,5-FU,51.61107013
A2780,ABT-888,0
A2780,AZD1775,25.6334659
A2780,BEZ-235,54.40156109
A2780,BORTEZOMIB,46.75592299
A2780,BORTEZOMIB,45.47131539
A2780,CARBOPLATIN,24.26046663
A2780,CYCLOPHOSPHAMIDE,0
A2780,DASATINIB,20.03006095
A2780,DEXAMETHASONE,0
A2780,DINACICLIB,41.44302728
A2780,DOXORUBICIN,48.1777583
A2780,ERLOTINIB,1.28831894
A2780,ETOPOSIDE,75.37397723
A2780,GEMCITABINE,33.63886523
A2780,L778123,56.93867497
A2780,L778123,41.34183728
A2780,LAPATINIB,0
A2780,MK-2206,43.96844164
A2780,MK-4541,0.88770655
A2780,MK-4827,54.75369101
A2780,MK-5108,37.87418034
A2780,MK-8669,17.13976372
A2780,MK-8669,19.11953992
A2780,MRK-003,7.52272856
A2780,METFORMIN,0
A2780,METHOTREXATE,46.38233455
A2780,MITOMYCINE,55.65579428
A2780,OXALIPLATIN,64.59269077
A2780,PD325901,11.4368915
A2780,PACLITAXEL,46.27169245
A2780,SN-38,34.8033204
A2780,SORAFENIB,54.32227916
A2780,SUNITINIB,22.95656876
A2780,TEMOZOLOMIDE,2.58702809
A2780,TEMOZOLOMIDE,0
A2780,TOPOTECAN,67.12455949
A2780,VINBLASTINE,39.39023858
A2780,VINORELBINE,37.44904584
A2780,ZOLINZA,20.78759127
A2780,GELDANAMYCIN,77.40869603
A375,5-FU,0
A375,5-FU,16.00459656
A375,ABT-888,0
A375,AZD1775,19.29975468
A375,AZD1775,41.50720146
A375,BEZ-235,40.06113785
A375,BORTEZOMIB,50.14751057
A375,BORTEZOMIB,50.33615206
A375,CARBOPLATIN,11.4298356
A375,CYCLOPHOSPHAMIDE,0
A375,DASATINIB,20.98531649
A375,DASATINIB,37.53202555
A375,DEXAMETHASONE,0
A375,DINACICLIB,42.45013756
A375,DOXORUBICIN,50.29944588
A375,ERLOTINIB,0.00135588
A375,ERLOTINIB,0
A375,ETOPOSIDE,50.87012958
A375,GEMCITABINE,40.44120729
A375,GEMCITABINE,44.75551871
A375,L778123,21.52906838
A375,L778123,41.1480671
A375,L778123,13.39373474
A375,LAPATINIB,0
A375,MK-2206,0
A375,MK-4541,0
A375,MK-4827,29.88019814
A375,MK-4827,49.46964316
A375,MK-5108,0
A375,MK-8669,0
A375,MRK-003,0
A375,MRK-003,0.00038047
A375,METFORMIN,0
A375,METHOTREXATE,56.32716609
A375,METHOTREXATE,55.25918595
A375,MITOMYCINE,39.04813219
A375,MITOMYCINE,27.74027147
A375,OXALIPLATIN,0
A375,PD325901,29.28549792
A375,PACLITAXEL,44.59330605
A375,SN-38,0
A375,SORAFENIB,12.09332185
A375,SUNITINIB,3.02214622
A375,SUNITINIB,28.04577599
A375,TEMOZOLOMIDE,8.09542919
A375,TEMOZOLOMIDE,0
A375,TOPOTECAN,70.82712035
A375,VINBLASTINE,39.04946778
A375,VINORELBINE,31.55247653
A375,ZOLINZA,4.9691208
A375,ZOLINZA,11.68336964
A375,GELDANAMYCIN,35.31565775
A427,5-FU,19.59403992
A427,5-FU,10.20528256
A427,ABT-888,0
A427,AZD1775,45.39086796
A427,AZD1775,47.74213474
A427,BEZ-235,30.76835677
A427,BORTEZOMIB,45.94075908
A427,CARBOPLATIN,0
A427,CYCLOPHOSPHAMIDE,0.11237883
A427,DASATINIB,44.63396932
A427,DASATINIB,48.08022634
A427,DEXAMETHASONE,0
A427,DINACICLIB,45.9393961
A427,DOXORUBICIN,56.11241191
A427,ERLOTINIB,2.62870319
A427,ETOPOSIDE,76.51975617
A427,GEMCITABINE,42.7968454
A427,GEMCITABINE,38.56148331
A427,L778123,0
A427,LAPATINIB,0
A427,MK-2206,0
A427,MK-2206,8.58563616
A427,MK-4541,0
A427,MK-4827,0
A427,MK-5108,50.80068599
A427,MK-8669,1.64494819
A427,MRK-003,7.85891739
A427,MRK-003,6.23786584
A427,METFORMIN,0.89554279
A427,METHOTREXATE,71.81688998
A427,MITOMYCINE,43.12071506
A427,MITOMYCINE,6.59294417
A427,OXALIPLATIN,15.25224282
A427,PD325901,0
A427,PACLITAXEL,42.8281258
A427,SN-38,44.38790773
A427,SORAFENIB,59.4008391
A427,SUNITINIB,47.82178527
A427,SUNITINIB,37.14021017
A427,TEMOZOLOMIDE,45.08645798
A427,TEMOZOLOMIDE,52.52140352
A427,TOPOTECAN,66.32927812
A427,VINBLASTINE,44.58057195
A427,VINORELBINE,39.76099956
A427,ZOLINZA,82.78449423
A427,GELDANAMYCIN,63.5109036
CAOV3,5-FU,33.0845771
CAOV3,5-FU,23.86762654
CAOV3,ABT-888,1.32423821
CAOV3,AZD1775,58.31633118
CAOV3,AZD1775,54.24113362
CAOV3,BEZ-235,58.24306611
CAOV3,BORTEZOMIB,55.52527378
CAOV3,CARBOPLATIN,49.69534389
CAOV3,CYCLOPHOSPHAMIDE,0
CAOV3,DASATINIB,83.6049741
CAOV3,DASATINIB,81.40348621
CAOV3,DEXAMETHASONE,51.94564825
CAOV3,DINACICLIB,46.88083618
CAOV3,DOXORUBICIN,62.11855438
CAOV3,ERLOTINIB,73.08852354
CAOV3,ERLOTINIB,80.96768027
CAOV3,ETOPOSIDE,59.42458579
CAOV3,GEMCITABINE,40.55995578
CAOV3,GEMCITABINE,46.11009822
CAOV3,L778123,44.72615447
CAOV3,L778123,35.02699984
CAOV3,LAPATINIB,43.0118158
CAOV3,LAPATINIB,47.06616147
CAOV3,MK-2206,16.37171
CAOV3,MK-2206,22.93439351
CAOV3,MK-4541,0.00015802
CAOV3,MK-4541,14.10384084
CAOV3,MK-4827,63.71075687
CAOV3,MK-4827,82.57980243
CAOV3,MK-5108,38.53017322
CAOV3,MK-5108,28.12826623
CAOV3,MK-8669,21.19327205
CAOV3,MRK-003,16.08766903
CAOV3,MRK-003,0
CAOV3,METFORMIN,0
CAOV3,METHOTREXATE,72.4260238
CAOV3,METHOTREXATE,71.94655783
CAOV3,MITOMYCINE,86.32072888
CAOV3,MITOMYCINE,59.60746498
CAOV3,OXALIPLATIN,51.8124666
CAOV3,PD325901,32.03445518
CAOV3,PACLITAXEL,55.86159621
CAOV3,SN-38,44.59878073
CAOV3,SORAFENIB,29.13888273
CAOV3,SUNITINIB,55.60386453
CAOV3,SUNITINIB,58.54296944
CAOV3,TEMOZOLOMIDE,0
CAOV3,TEMOZOLOMIDE,11.8531547
CAOV3,TOPOTECAN,85.54569285
CAOV3,VINBLASTINE,54.03538026
CAOV3,VINORELBINE,55.80595483
CAOV3,ZOLINZA,37.64460241
CAOV3,ZOLINZA,54.4868708
CAOV3,GELDANAMYCIN,85.19158794
COLO320DM,5-FU,33.56486486
COLO320DM,5-FU,36.18811767
COLO320DM,ABT-888,0
COLO320DM,AZD1775,23.17589153
COLO320DM,AZD1775,14.11033362
COLO320DM,BEZ-235,30.19727186
COLO320DM,BORTEZOMIB,38.06098201
COLO320DM,CARBOPLATIN,0
COLO320DM,CYCLOPHOSPHAMIDE,0
COLO320DM,DASATINIB,0
COLO320DM,DEXAMETHASONE,0
COLO320DM,DINACICLIB,38.3348618
COLO320DM,DOXORUBICIN,39.1133105
COLO320DM,ERLOTINIB,0
COLO320DM,ETOPOSIDE,0
COLO320DM,GEMCITABINE,27.30365968
COLO320DM,GEMCITABINE,27.3755825
COLO320DM,L778123,0
COLO320DM,L778123,23.67654553
COLO320DM,LAPATINIB,0
COLO320DM,LAPATINIB,0.00150374
COLO320DM,MK-2206,32.85978761
COLO320DM,MK-2206,21.71246341
COLO320DM,MK-4541,0
COLO320DM,MK-4827,0
COLO320DM,MK-5108,10.85945054
COLO320DM,MK-8669,0
COLO320DM,MRK-003,0
COLO320DM,METFORMIN,0
COLO320DM,METHOTREXATE,43.20445714
COLO320DM,MITOMYCINE,0
COLO320DM,MITOMYCINE,6.18971952
COLO320DM,OXALIPLATIN,9.2250104
COLO320DM,PD325901,0
COLO320DM,PACLITAXEL,0
COLO320DM,SN-38,0
COLO320DM,SORAFENIB,39.56609229
COLO320DM,SUNITINIB,7.24342485
COLO320DM,SUNITINIB,24.88782814
COLO320DM,TEMOZOLOMIDE,25.04912474
COLO320DM,TEMOZOLOMIDE,27.39318991
COLO320DM,TOPOTECAN,32.00983925
COLO320DM,VINBLASTINE,0
COLO320DM,VINORELBINE,0
COLO320DM,ZOLINZA,38.14430054
COLO320DM,GELDANAMYCIN,0
DLD1,5-FU,18.57165824
DLD1,ABT-888,0
DLD1,AZD1775,2.89277963
DLD1,BEZ-235,34.29954762
DLD1,BORTEZOMIB,44.81251946
DLD1,CARBOPLATIN,4.8473175
DLD1,CYCLOPHOSPHAMIDE,0
DLD1,DASATINIB,21.90695103
DLD1,DEXAMETHASONE,0
DLD1,DINACICLIB,32.93482827
DLD1,DOXORUBICIN,27.83358241
DLD1,ERLOTINIB,1.79918877
DLD1,ETOPOSIDE,21.37160489
DLD1,GEMCITABINE,16.92257803
DLD1,L778123,0.60815403
DLD1,LAPATINIB,0
DLD1,MK-2206,2.75677649
DLD1,MK-4541,0
DLD1,MK-4827,0
DLD1,MK-5108,0
DLD1,MK-8669,0
DLD1,MRK-003,0
DLD1,METFORMIN,0
DLD1,METHOTREXATE,40.47337109
DLD1,MITOMYCINE,28.50194144
DLD1,OXALIPLATIN,0
DLD1,PD325901,0
DLD1,PACLITAXEL,15.54731799
DLD1,SN-38,0
DLD1,SORAFENIB,6.29453407
DLD1,SUNITINIB,13.99483917
DLD1,TEMOZOLOMIDE,0
DLD1,TOPOTECAN,45.19513186
DLD1,VINBLASTINE,0
DLD1,VINORELBINE,23.83216238
DLD1,ZOLINZA,24.43863983
DLD1,GELDANAMYCIN,38.85326237
EFM192B,5-FU,36.56704379
EFM192B,5-FU,9.98755984
EFM192B,ABT-888,0
EFM192B,AZD1775,29.84315999
EFM192B,AZD1775,41.90224027
EFM192B,BEZ-235,61.4713816
EFM192B,BORTEZOMIB,43.9406931
EFM192B,CARBOPLATIN,36.70511413
EFM192B,CYCLOPHOSPHAMIDE,0
EFM192B,DASATINIB,8.56881289
EFM192B,DASATINIB,36.46852564
EFM192B,DEXAMETHASONE,0
EFM192B,DINACICLIB,45.8657206
EFM192B,DOXORUBICIN,54.63860938
EFM192B,ERLOTINIB,28.67720702
EFM192B,ETOPOSIDE,52.2151735
EFM192B,GEMCITABINE,43.93698359
EFM192B,GEMCITABINE,44.36189331
EFM192B,L778123,27.71320845
EFM192B,L778123,62.03952601
EFM192B,LAPATINIB,81.0675152
EFM192B,LAPATINIB,93.44297839
EFM192B,MK-2206,92.63874684
EFM192B,MK-2206,92.80697237
EFM192B,MK-4541,0
EFM192B,MK-4827,0
EFM192B,MK-5108,21.57431931
EFM192B,MK-8669,23.43946889
EFM192B,MRK-003,17.02736434
EFM192B,MRK-003,0
EFM192B,METFORMIN,0
EFM192B,METHOTREXATE,22.11495949
EFM192B,MITOMYCINE,72.852043
EFM192B,MITOMYCINE,63.44576835
EFM192B,OXALIPLATIN,61.55990937
EFM192B,PD325901,0
EFM192B,PACLITAXEL,40.57535654
EFM192B,SN-38,0
EFM192B,SORAFENIB,19.78176577
EFM192B,SUNITINIB,0
EFM192B,TEMOZOLOMIDE,0
EFM192B,TOPOTECAN,74.60644814
EFM192B,VINBLASTINE,36.66838436
EFM192B,VINORELBINE,45.39994866
EFM192B,ZOLINZA,31.47904622
EFM192B,GELDANAMYCIN,71.26111309
ES2,5-FU,11.57787961
ES2,5-FU,18.59446615
ES2,ABT-888,0
ES2,AZD1775,21.0236783
ES2,AZD1775,31.63960396
ES2,BEZ-235,36.94082895
ES2,BORTEZOMIB,48.40036508
ES2,CARBOPLATIN,0
ES2,CYCLOPHOSPHAMIDE,0
ES2,DASATINIB,0
ES2,DEXAMETHASONE,0
ES2,DINACICLIB,41.58713881
ES2,DOXORUBICIN,44.4779595
ES2,ERLOTINIB,21.06877651
ES2,ETOPOSIDE,5.87149403
ES2,GEMCITABINE,36.08744803
ES2,GEMCITABINE,39.66577733
ES2,L778123,10.23586447
ES2,L778123,11.25574839
ES2,LAPATINIB,0
ES2,MK-2206,0
ES2,MK-4541,0
ES2,MK-4827,22.25105124
ES2,MK-4827,36.27104007
ES2,MK-5108,3.53208263
ES2,MK-8669,0
ES2,MRK-003,0
ES2,MRK-003,11.91464599
ES2,METFORMIN,0
ES2,METHOTREXATE,39.26757881
ES2,MITOMYCINE,46.38689425
ES2,MITOMYCINE,1.13942455
ES2,OXALIPLATIN,17.72039078
ES2,PD325901,21.55400923
ES2,PACLITAXEL,33.23028376
ES2,SN-38,19.73273283
ES2,SORAFENIB,11.05795606
ES2,SUNITINIB,0
ES2,SUNITINIB,14.83516056
ES2,TEMOZOLOMIDE,47.12272972
ES2,TEMOZOLOMIDE,61.01378523
ES2,TOPOTECAN,75.998748
ES2,VINBLASTINE,26.67919643
ES2,VINORELBINE,26.79940138
ES2,ZOLINZA,32.7005163
ES2,GELDANAMYCIN,11.83713369
HCT116,5-FU,3.52170444
HCT116,5-FU,16.28794876
HCT116,ABT-888,0
HCT116,AZD1775,0.08792396
HCT116,AZD1775,0
HCT116,BEZ-235,0
HCT116,BORTEZOMIB,45.95374077
HCT116,CARBOPLATIN,0
HCT116,CYCLOPHOSPHAMIDE,0
HCT116,DASATINIB,0
HCT116,DEXAMETHASONE,0
HCT116,DINACICLIB,37.53227626
HCT116,DOXORUBICIN,50.92361511
HCT116,DOXORUBICIN,50.77297683
HCT116,ERLOTINIB,0.00036922
HCT116,ERLOTINIB,0
HCT116,ETOPOSIDE,24.67040187
HCT116,GEMCITABINE,46.02724995
HCT116,GEMCITABINE,39.13894335
HCT116,GEMCITABINE,46.0601689
HCT116,L778123,0
HCT116,LAPATINIB,0
HCT116,MK-2206,0
HCT116,MK-4541,0
HCT116,MK-4827,22.79028927
HCT116,MK-4827,35.99080594
HCT116,MK-5108,23.94936893
HCT116,MK-5108,23.42323913
HCT116,MK-8669,0
HCT116,MRK-003,13.6966033
HCT116,MRK-003,0
HCT116,METFORMIN,0
HCT116,METHOTREXATE,69.17487746
HCT116,METHOTREXATE,69.19325468
HCT116,MITOMYCINE,42.65064117
HCT116,MITOMYCINE,30.69432251
HCT116,OXALIPLATIN,0.80527319
HCT116,PD325901,0
HCT116,PACLITAXEL,38.19247675
HCT116,SN-38,0
HCT116,SORAFENIB,17.2626094
HCT116,SUNITINIB,11.92555629
HCT116,SUNITINIB,10.24614811
HCT116,SUNITINIB,21.82212594
HCT116,TEMOZOLOMIDE,0
HCT116,TOPOTECAN,50.57735223
HCT116,VINBLASTINE,43.77592538
HCT116,VINORELBINE,38.72860572
HCT116,ZOLINZA,41.21200494
HCT116,ZOLINZA,42.77369247
HCT116,GELDANAMYCIN,39.74558846
HT144,5-FU,17.95753837
HT144,ABT-888,0
HT144,AZD1775,13.74781516
HT144,BEZ-235,41.57815891
HT144,BORTEZOMIB,45.99623021
HT144,CARBOPLATIN,10.55249282
HT144,CYCLOPHOSPHAMIDE,0
HT144,DASATINIB,0
HT144,DEXAMETHASONE,0
HT144,DINACICLIB,45.61067773
HT144,DOXORUBICIN,48.26978416
HT144,ERLOTINIB,0.49628973
HT144,ETOPOSIDE,43.76364443
HT144,GEMCITABINE,16.85440727
HT144,L778123,0
HT144,LAPATINIB,0
HT144,MK-2206,7.07320961
HT144,MK-4541,0
HT144,MK-4827,5.99712545
HT144,MK-5108,0
HT144,MK-8669,0
HT144,MRK-003,8.40171192
HT144,METFORMIN,0
HT144,METHOTREXATE,1.12419692
HT144,MITOMYCINE,46.30626861
HT144,OXALIPLATIN,0
HT144,PD325901,37.52100501
HT144,PACLITAXEL,31.33854158
HT144,SN-38,21.50081744
HT144,SORAFENIB,36.82624062
HT144,SUNITINIB,7.69208202
HT144,TEMOZOLOMIDE,0
HT144,TOPOTECAN,57.35348434
HT144,VINBLASTINE,31.21162868
HT144,VINORELBINE,29.78457816
HT144,ZOLINZA,34.59977046
HT144,GELDANAMYCIN,79.93097352
HT29,5-FU,27.10884417
HT29,5-FU,15.95288991
HT29,ABT-888,0
HT29,AZD1775,27.44909101
HT29,AZD1775,38.46668331
HT29,BEZ-235,29.53786388
HT29,BORTEZOMIB,44.28599382
HT29,CARBOPLATIN,5.70678945
HT29,CYCLOPHOSPHAMIDE,0
HT29,DASATINIB,49.59044103
HT29,DASATINIB,49.64233756
HT29,DEXAMETHASONE,0
HT29,DINACICLIB,35.62522421
HT29,DOXORUBICIN,47.6795676
HT29,ERLOTINIB,0
HT29,ETOPOSIDE,18.2452802
HT29,GEMCITABINE,24.1503351
HT29,GEMCITABINE,23.5258414
HT29,L778123,0
HT29,L778123,35.44040756
HT29,LAPATINIB,1.92618359
HT29,LAPATINIB,0
HT29,MK-2206,22.24738253
HT29,MK-2206,0
HT29,MK-4541,0
HT29,MK-4827,0
HT29,MK-5108,1.67652721
HT29,MK-8669,1.85928426
HT29,MRK-003,21.51043943
HT29,MRK-003,10.58867721
HT29,METFORMIN,0
HT29,METHOTREXATE,32.5030059
HT29,MITOMYCINE,45.63080038
HT29,MITOMYCINE,20.31253287
HT29,OXALIPLATIN,38.61049434
HT29,PD325901,33.32642633
HT29,PACLITAXEL,47.45524621
HT29,SN-38,0
HT29,SORAFENIB,43.73094505
HT29,SUNITINIB,26.03855715
HT29,SUNITINIB,0
HT29,TEMOZOLOMIDE,0
HT29,TOPOTECAN,68.17932442
HT29,VINBLASTINE,41.17381293
HT29,VINORELBINE,44.33327689
HT29,ZOLINZA,38.65520398
HT29,GELDANAMYCIN,83.06389225
KPL1,5-FU,0
KPL1,ABT-888,2.51201653
KPL1,AZD1775,19.7026229
KPL1,BEZ-235,55.16587224
KPL1,BORTEZOMIB,28.97786231
KPL1,CARBOPLATIN,0
KPL1,CYCLOPHOSPHAMIDE,0
KPL1,DASATINIB,18.09027999
KPL1,DEXAMETHASONE,17.55251111
KPL1,DINACICLIB,32.50046765
KPL1,DOXORUBICIN,47.6352661
KPL1,ERLOTINIB,0
KPL1,ETOPOSIDE,16.97773052
KPL1,GEMCITABINE,0
KPL1,L778123,40.8307181
KPL1,LAPATINIB,0.43029319
KPL1,MK-2206,56.12950334
KPL1,MK-4541,0
KPL1,MK-4827,30.44576326
KPL1,MK-5108,26.55165854
KPL1,MK-8669,13.96280425
KPL1,MRK-003,17.20661354
KPL1,METFORMIN,0
KPL1,METHOTREXATE,61.21837405
KPL1,MITOMYCINE,25.6291653
KPL1,OXALIPLATIN,0
KPL1,PD325901,0
KPL1,PACLITAXEL,26.8363814
KPL1,SN-38,7.37899805
KPL1,SORAFENIB,53.93518859
KPL1,SUNITINIB,29.70956449
KPL1,TEMOZOLOMIDE,0
KPL1,TOPOTECAN,26.31129273
KPL1,VINBLASTINE,0
KPL1,VINORELBINE,31.47349655
KPL1,ZOLINZA,35.99888547
KPL1,GELDANAMYCIN,60.59210267
LNCAP,5-FU,24.14153597
LNCAP,ABT-888,0
LNCAP,AZD1775,30.62842896
LNCAP,AZD1775,38.37390099
LNCAP,BEZ-235,59.75457376
LNCAP,BEZ-235,52.29268195
LNCAP,BORTEZOMIB,46.13095708
LNCAP,CARBOPLATIN,0
LNCAP,CARBOPLATIN,0.00207288
LNCAP,CYCLOPHOSPHAMIDE,0
LNCAP,DASATINIB,25.92757999
LNCAP,DEXAMETHASONE,0
LNCAP,DINACICLIB,45.8574509
LNCAP,DOXORUBICIN,49.26620039
LNCAP,DOXORUBICIN,52.85648762
LNCAP,ERLOTINIB,5.89183068
LNCAP,ERLOTINIB,20.0172029
LNCAP,ETOPOSIDE,59.0175097
LNCAP,ETOPOSIDE,62.19357556
LNCAP,GEMCITABINE,31.08468099
LNCAP,L778123,41.56005546
LNCAP,LAPATINIB,0
LNCAP,LAPATINIB,4.76889619
LNCAP,MK-2206,78.27895944
LNCAP,MK-4541,0
LNCAP,MK-4541,40.30615494
LNCAP,MK-4827,25.25664798
LNCAP,MK-5108,46.44422352
LNCAP,MK-8669,22.52204605
LNCAP,MRK-003,0
LNCAP,MRK-003,18.21337513
LNCAP,METFORMIN,0
LNCAP,METHOTREXATE,32.00600915
LNCAP,MITOMYCINE,49.47582372
LNCAP,MITOMYCINE,53.39701241
LNCAP,OXALIPLATIN,46.72557751
LNCAP,PD325901,0
LNCAP,PACLITAXEL,44.00570125
LNCAP,SN-38,0
LNCAP,SORAFENIB,55.83808068
LNCAP,SUNITINIB,1.02419671
LNCAP,TEMOZOLOMIDE,0
LNCAP,TOPOTECAN,57.77319383
LNCAP,VINBLASTINE,44.69272936
LNCAP,VINBLASTINE,43.54054999
LNCAP,VINORELBINE,40.93282892
LNCAP,VINORELBINE,40.16315435
LNCAP,ZOLINZA,17.61014644
LNCAP,ZOLINZA,71.1146676
LNCAP,GELDANAMYCIN,57.18199622
LOVO,5-FU,0
LOVO,ABT-888,0
LOVO,AZD1775,50.05227236
LOVO,AZD1775,54.73243772
LOVO,BEZ-235,47.48277761
LOVO,BORTEZOMIB,45.82395956
LOVO,CARBOPLATIN,0
LOVO,CYCLOPHOSPHAMIDE,0
LOVO,DASATINIB,63.34321652
LOVO,DASATINIB,61.59541443
LOVO,DEXAMETHASONE,8.29887675
LOVO,DINACICLIB,40.18315886
LOVO,DOXORUBICIN,50.13670273
LOVO,ERLOTINIB,72.91792378
LOVO,ETOPOSIDE,56.71907244
LOVO,GEMCITABINE,37.70259377
LOVO,GEMCITABINE,36.58437881
LOVO,L778123,45.12075875
LOVO,L778123,55.84097441
LOVO,LAPATINIB,43.39775101
LOVO,LAPATINIB,44.33025161
LOVO,MK-2206,65.464723
LOVO,MK-2206,77.63995894
LOVO,MK-4541,0
LOVO,MK-4827,0
LOVO,MK-5108,41.26586264
LOVO,MK-8669,6.12239822
LOVO,MRK-003,0
LOVO,MRK-003,28.24825233
LOVO,METFORMIN,0
LOVO,METHOTREXATE,0
LOVO,MITOMYCINE,38.46686524
LOVO,MITOMYCINE,11.59236972
LOVO,OXALIPLATIN,63.29342466
LOVO,PD325901,30.69788772
LOVO,PACLITAXEL,30.72418658
LOVO,SN-38,0
LOVO,SORAFENIB,36.41535724
LOVO,SUNITINIB,56.14976041
LOVO,SUNITINIB,57.42859472
LOVO,TEMOZOLOMIDE,0
LOVO,TOPOTECAN,57.74433143
LOVO,VINBLASTINE,42.02677449
LOVO,VINORELBINE,36.54705324
LOVO,ZOLINZA,51.01434766
LOVO,GELDANAMYCIN,0
MDAMB436,5-FU,30.82023774
MDAMB436,ABT-888,7.38396821
MDAMB436,AZD1775,0
MDAMB436,BEZ-235,28.03884075
MDAMB436,BORTEZOMIB,44.33636786
MDAMB436,CARBOPLATIN,45.4279585
MDAMB436,CYCLOPHOSPHAMIDE,0
MDAMB436,DASATINIB,13.18518562
MDAMB436,DEXAMETHASONE,0
MDAMB436,DINACICLIB,28.75902343
MDAMB436,DOXORUBICIN,33.3202724
MDAMB436,ERLOTINIB,0
MDAMB436,ETOPOSIDE,45.79592036
MDAMB436,GEMCITABINE,26.64962371
MDAMB436,L778123,20.78320616
MDAMB436,LAPATINIB,0
MDAMB436,MK-2206,9.61816022
MDAMB436,MK-4541,0
MDAMB436,MK-4827,38.41697881
MDAMB436,MK-5108,7.56637438
MDAMB436,MK-8669,4.79850371
MDAMB436,MRK-003,1.16836713
MDAMB436,METFORMIN,0
MDAMB436,METHOTREXATE,35.50569227
MDAMB436,MITOMYCINE,42.56892838
MDAMB436,OXALIPLATIN,50.8480224
MDAMB436,PD325901,0
MDAMB436,PACLITAXEL,29.9313892
MDAMB436,SN-38,27.03404802
MDAMB436,SORAFENIB,20.41183696
MDAMB436,SUNITINIB,0
MDAMB436,TEMOZOLOMIDE,4.48324062
MDAMB436,TOPOTECAN,54.79459358
MDAMB436,VINBLASTINE,29.91079162
MDAMB436,VINORELBINE,28.57093199
MDAMB436,ZOLINZA,18.18969215
MDAMB436,GELDANAMYCIN,41.44325476
MSTO,5-FU,19.13993359
MSTO,ABT-888,0
MSTO,AZD1775,23.60389006
MSTO,AZD1775,1.69277389
MSTO,BEZ-235,50.29299954
MSTO,BORTEZOMIB,49.73591522
MSTO,BORTEZOMIB,49.8413478
MSTO,CARBOPLATIN,10.53616977
MSTO,CYCLOPHOSPHAMIDE,0
MSTO,DASATINIB,62.39551821
MSTO,DEXAMETHASONE,0
MSTO,DINACICLIB,44.60641138
MSTO,DOXORUBICIN,50.55107404
MSTO,DOXORUBICIN,44.20575927
MSTO,ERLOTINIB,82.09801107
MSTO,ETOPOSIDE,77.58875303
MSTO,GEMCITABINE,46.07535413
MSTO,L778123,0
MSTO,L778123,35.28521957
MSTO,LAPATINIB,0
MSTO,MK-2206,37.25532816
MSTO,MK-4541,0
MSTO,MK-4827,19.14803246
MSTO,MK-4827,2.73648756
MSTO,MK-5108,9.70753095
MSTO,MK-5108,0
MSTO,MK-8669,6.80970181
MSTO,MRK-003,10.66302592
MSTO,MRK-003,9.90679975
MSTO,METFORMIN,0
MSTO,METHOTREXATE,48.42949434
MSTO,METHOTREXATE,72.44254205
MSTO,MITOMYCINE,62.35644656
MSTO,OXALIPLATIN,31.17624598
MSTO,PD325901,8.40491324
MSTO,PD325901,0
MSTO,PACLITAXEL,30.07284919
MSTO,SN-38,25.74829572
MSTO,SORAFENIB,79.58090741
MSTO,SUNITINIB,4.75628072
MSTO,TEMOZOLOMIDE,27.32218818
MSTO,TOPOTECAN,67.18182982
MSTO,VINBLASTINE,0
MSTO,VINBLASTINE,29.19579597
MSTO,VINORELBINE,27.98155381
MSTO,VINORELBINE,25.83778531
MSTO,ZOLINZA,69.42361875
MSTO,GELDANAMYCIN,54.70769802
MSTO,GELDANAMYCIN,49.40244969
NCIH1650,5-FU,16.56534396
NCIH1650,5-FU,0
NCIH1650,ABT-888,0
NCIH1650,AZD1775,26.89176565
NCIH1650,AZD1775,39.66054148
NCIH1650,BEZ-235,38.10001565
NCIH1650,BORTEZOMIB,55.60246602
NCIH1650,CARBOPLATIN,0
NCIH1650,CYCLOPHOSPHAMIDE,0
NCIH1650,DASATINIB,67.7399884
NCIH1650,DASATINIB,70.93909035
NCIH1650,DEXAMETHASONE,0
NCIH1650,DINACICLIB,45.77819627
NCIH1650,DOXORUBICIN,50.81973196
NCIH1650,ERLOTINIB,70.17199402
NCIH1650,ETOPOSIDE,15.78070874
NCIH1650,GEMCITABINE,42.35011751
NCIH1650,GEMCITABINE,38.94115961
NCIH1650,L778123,0
NCIH1650,L778123,28.57783234
NCIH1650,LAPATINIB,56.44894293
NCIH1650,LAPATINIB,49.57158262
NCIH1650,MK-2206,0
NCIH1650,MK-2206,38.46430564
NCIH1650,MK-4541,0
NCIH1650,MK-4827,0
NCIH1650,MK-4827,1.00103804
NCIH1650,MK-5108,0
NCIH1650,MK-8669,3.33178437
NCIH1650,MRK-003,0
NCIH1650,METFORMIN,0
NCIH1650,METHOTREXATE,6.1171101
NCIH1650,MITOMYCINE,47.30276742
NCIH1650,MITOMYCINE,22.9929143
NCIH1650,OXALIPLATIN,25.76444535
NCIH1650,PD325901,0
NCIH1650,PACLITAXEL,30.68568184
NCIH1650,SN-38,0
NCIH1650,SORAFENIB,38.20469353
NCIH1650,SUNITINIB,14.46312656
NCIH1650,SUNITINIB,0
NCIH1650,TEMOZOLOMIDE,0
NCIH1650,TOPOTECAN,51.40947464
NCIH1650,VINBLASTINE,42.48647431
NCIH1650,VINORELBINE,28.58458925
NCIH1650,ZOLINZA,7.65662814
NCIH1650,GELDANAMYCIN,85.8132619
NCIH2122,5-FU,65.54396119
NCIH2122,5-FU,72.62734183
NCIH2122,ABT-888,0
NCIH2122,AZD1775,20.35570692
NCIH2122,AZD1775,0
NCIH2122,BEZ-235,45.64126572
NCIH2122,BORTEZOMIB,44.01272996
NCIH2122,CARBOPLATIN,12.66415144
NCIH2122,CYCLOPHOSPHAMIDE,0
NCIH2122,DASATINIB,0
NCIH2122,DEXAMETHASONE,22.03722587
NCIH2122,DINACICLIB,45.77562565
NCIH2122,DOXORUBICIN,49.6861469
NCIH2122,ERLOTINIB,39.08139001
NCIH2122,ETOPOSIDE,57.99687608
NCIH2122,GEMCITABINE,30.61239729
NCIH2122,GEMCITABINE,37.685266
NCIH2122,L778123,0
NCIH2122,L778123,59.9931893
NCIH2122,LAPATINIB,0
NCIH2122,MK-2206,15.88723429
NCIH2122,MK-2206,30.58447645
NCIH2122,MK-4541,0
NCIH2122,MK-4827,3.16525074
NCIH2122,MK-4827,0
NCIH2122,MK-5108,48.72028259
NCIH2122,MK-8669,0
NCIH2122,MRK-003,6.09886233
NCIH2122,MRK-003,11.62627708
NCIH2122,METFORMIN,0
NCIH2122,METHOTREXATE,51.6290113
NCIH2122,MITOMYCINE,61.26912661
NCIH2122,MITOMYCINE,33.26531038
NCIH2122,OXALIPLATIN,0
NCIH2122,PD325901,18.80806558
NCIH2122,PACLITAXEL,52.12892697
NCIH2122,SN-38,31.54826723
NCIH2122,SORAFENIB,16.33633549
NCIH2122,SUNITINIB,4.62425203
NCIH2122,SUNITINIB,0
NCIH2122,TEMOZOLOMIDE,13.13053591
NCIH2122,TEMOZOLOMIDE,6.98960214
NCIH2122,TOPOTECAN,57.58955635
NCIH2122,VINBLASTINE,44.09878912
NCIH2122,VINORELBINE,49.47188681
NCIH2122,ZOLINZA,47.04271785
NCIH2122,GELDANAMYCIN,85.01789635
NCIH23,5-FU,29.02777365
NCIH23,5-FU,30.80285797
NCIH23,ABT-888,0
NCIH23,AZD1775,64.30555453
NCIH23,AZD1775,51.02902016
NCIH23,AZD1775,49.61579196
NCIH23,BEZ-235,38.25550919
NCIH23,BORTEZOMIB,44.75353367
NCIH23,CARBOPLATIN,11.68671126
NCIH23,CYCLOPHOSPHAMIDE,0
NCIH23,DASATINIB,23.96002931
NCIH23,DASATINIB,13.06342998
NCIH23,DEXAMETHASONE,0
NCIH23,DINACICLIB,40.38043588
NCIH23,DOXORUBICIN,51.05665787
NCIH23,ERLOTINIB,0
NCIH23,ETOPOSIDE,75.98892004
NCIH23,GEMCITABINE,44.49443418
NCIH23,GEMCITABINE,44.55536115
NCIH23,GEMCITABINE,40.57487867
NCIH23,L778123,23.69229974
NCIH23,L778123,26.81694713
NCIH23,LAPATINIB,0
NCIH23,LAPATINIB,0.00207731
NCIH23,MK-2206,17.04630901
NCIH23,MK-2206,2.75971005
NCIH23,MK-2206,0
NCIH23,MK-4541,0
NCIH23,MK-4827,0
NCIH23,MK-4827,7.61103083
NCIH23,MK-4827,3.18088643
NCIH23,MK-5108,43.34832354
NCIH23,MK-5108,42.29855215
NCIH23,MK-8669,3.88360994
NCIH23,MK-8669,7.22561425
NCIH23,MRK-003,0
NCIH23,MRK-003,0.92834409
NCIH23,METFORMIN,0
NCIH23,METHOTREXATE,67.78600196
NCIH23,MITOMYCINE,62.54144333
NCIH23,MITOMYCINE,48.54500337
NCIH23,OXALIPLATIN,37.00817714
NCIH23,PD325901,21.99800956
NCIH23,PACLITAXEL,38.8093874
NCIH23,SN-38,0
NCIH23,SORAFENIB,22.80367516
NCIH23,SUNITINIB,0.27379942
NCIH23,SUNITINIB,16.20811758
NCIH23,TEMOZOLOMIDE,20.76156539
NCIH23,TEMOZOLOMIDE,0
NCIH23,TEMOZOLOMIDE,0.00045993
NCIH23,TOPOTECAN,68.58037143
NCIH23,TOPOTECAN,58.77878882
NCIH23,VINBLASTINE,44.87667042
NCIH23,VINORELBINE,44.09036314
NCIH23,VINORELBINE,43.1312961
NCIH23,ZOLINZA,36.41059168
NCIH23,ZOLINZA,24.04551308
NCIH23,GELDANAMYCIN,82.55500986
NCIH460,5-FU,42.2023154
NCIH460,ABT-888,0
NCIH460,AZD1775,0
NCIH460,BEZ-235,39.11791368
NCIH460,BORTEZOMIB,49.85138491
NCIH460,CARBOPLATIN,11.72161064
NCIH460,CYCLOPHOSPHAMIDE,0
NCIH460,DASATINIB,0
NCIH460,DEXAMETHASONE,0
NCIH460,DINACICLIB,44.25812555
NCIH460,DOXORUBICIN,49.48352988
NCIH460,ERLOTINIB,0
NCIH460,ETOPOSIDE,65.41577042
NCIH460,GEMCITABINE,45.94988124
NCIH460,L778123,0
NCIH460,LAPATINIB,0
NCIH460,MK-2206,0
NCIH460,MK-4541,0
NCIH460,MK-4827,0
NCIH460,MK-5108,42.78351192
NCIH460,MK-8669,0
NCIH460,MRK-003,0
NCIH460,METFORMIN,0
NCIH460,METHOTREXATE,70.82831671
NCIH460,MITOMYCINE,72.25260573
NCIH460,OXALIPLATIN,52.15751433
NCIH460,PD325901,7.27874679
NCIH460,PACLITAXEL,45.08362955
NCIH460,SN-38,0
NCIH460,SORAFENIB,33.43901312
NCIH460,SUNITINIB,6.40822984
NCIH460,TEMOZOLOMIDE,0
NCIH460,TOPOTECAN,72.95659675
NCIH460,VINBLASTINE,43.36480437
NCIH460,VINORELBINE,43.94861463
NCIH460,ZOLINZA,5.3761275
NCIH460,GELDANAMYCIN,78.96282667
NCIH520,5-FU,32.46972188
NCIH520,ABT-888,0
NCIH520,AZD1775,6.79001162
NCIH520,BEZ-235,46.51940784
NCIH520,BORTEZOMIB,39.92730934
NCIH520,CARBOPLATIN,10.49440128
NCIH520,CYCLOPHOSPHAMIDE,0
NCIH520,DASATINIB,41.23261199
NCIH520,DEXAMETHASONE,0
NCIH520,DINACICLIB,43.64402538
NCIH520,DOXORUBICIN,28.18169382
NCIH520,ERLOTINIB,1.16983928
NCIH520,ETOPOSIDE,0
NCIH520,GEMCITABINE,38.35207598
NCIH520,L778123,1.13071183
NCIH520,LAPATINIB,0
NCIH520,MK-2206,63.44854125
NCIH520,MK-4541,0
NCIH520,MK-4827,7.21577821
NCIH520,MK-5108,31.36535209
NCIH520,MK-8669,11.70745097
NCIH520,MRK-003,0
NCIH520,METFORMIN,0
NCIH520,METHOTREXATE,54.09064633
NCIH520,MITOMYCINE,42.53308238
NCIH520,OXALIPLATIN,27.98126357
NCIH520,PD325901,0
NCIH520,PACLITAXEL,36.6017319
NCIH520,SN-38,0
NCIH520,SORAFENIB,20.75319288
NCIH520,SUNITINIB,0.64381449
NCIH520,TEMOZOLOMIDE,0
NCIH520,TOPOTECAN,43.73226414
NCIH520,VINBLASTINE,40.99467269
NCIH520,VINORELBINE,32.71164892
NCIH520,ZOLINZA,32.90903015
NCIH520,GELDANAMYCIN,43.37492129
OCUBM,5-FU,37.45263038
OCUBM,ABT-888,0
OCUBM,AZD1775,42.99136662
OCUBM,BEZ-235,74.01617703
OCUBM,BORTEZOMIB,55.53387078
OCUBM,CARBOPLATIN,6.70483145
OCUBM,CYCLOPHOSPHAMIDE,0
OCUBM,DASATINIB,31.89657711
OCUBM,DEXAMETHASONE,0
OCUBM,DINACICLIB,46.24519401
OCUBM,DOXORUBICIN,85.58828929
OCUBM,ERLOTINIB,22.7874531
OCUBM,ETOPOSIDE,92.06917066
OCUBM,GEMCITABINE,46.06408014
OCUBM,L778123,51.17741064
OCUBM,LAPATINIB,92.44019113
OCUBM,MK-2206,92.07767704
OCUBM,MK-4541,0
OCUBM,MK-4827,35.45511067
OCUBM,MK-5108,69.08795587
OCUBM,MK-8669,34.82072876
OCUBM,MRK-003,43.68075283
OCUBM,METFORMIN,9.82878223
OCUBM,METHOTREXATE,72.82005928
OCUBM,MITOMYCINE,73.65002908
OCUBM,OXALIPLATIN,16.66059467
OCUBM,PD325901,0
OCUBM,PACLITAXEL,55.83369319
OCUBM,SN-38,44.5718429
OCUBM,SORAFENIB,60.94703166
OCUBM,SUNITINIB,21.15353453
OCUBM,TEMOZOLOMIDE,0
OCUBM,TOPOTECAN,82.80703248
OCUBM,VINBLASTINE,46.23907897
OCUBM,VINORELBINE,55.78904706
OCUBM,ZOLINZA,69.15966464
OCUBM,GELDANAMYCIN,32.64946693
OV90,5-FU,0
OV90,ABT-888,0
OV90,AZD1775,15.5519496
OV90,BEZ-235,49.5086358
OV90,BORTEZOMIB,55.47603172
OV90,CARBOPLATIN,21.10021363
OV90,CYCLOPHOSPHAMIDE,0
OV90,DASATINIB,50.0321199
OV90,DEXAMETHASONE,0.24545765
OV90,DINACICLIB,33.23784434
OV90,DOXORUBICIN,49.43459854
OV90,ERLOTINIB,0
OV90,ETOPOSIDE,30.63275201
OV90,GEMCITABINE,44.50827234
OV90,L778123,11.45748415
OV90,LAPATINIB,0
OV90,MK-2206,39.76796967
OV90,MK-4541,0
OV90,MK-4827,11.88241916
OV90,MK-5108,0
OV90,MK-8669,23.95710159
OV90,MRK-003,0
OV90,METFORMIN,0
OV90,METHOTREXATE,30.70726581
OV90,MITOMYCINE,58.37504015
OV90,OXALIPLATIN,29.80768992
OV90,PD325901,40.21822805
OV90,PACLITAXEL,25.22856132
OV90,SN-38,29.07992698
OV90,SORAFENIB,32.12909531
OV90,SUNITINIB,0
OV90,TEMOZOLOMIDE,0
OV90,TOPOTECAN,67.5954356
OV90,VINBLASTINE,42.69627432
OV90,VINORELBINE,27.60121059
OV90,ZOLINZA,23.52281277
OV90,GELDANAMYCIN,92.90960442
OVCAR3,5-FU,51.20938586
OVCAR3,ABT-888,4.00939278
OVCAR3,AZD1775,52.35957317
OVCAR3,BEZ-235,54.3112768
OVCAR3,BORTEZOMIB,55.52749872
OVCAR3,CARBOPLATIN,30.38583136
OVCAR3,CYCLOPHOSPHAMIDE,0
OVCAR3,DASATINIB,73.40609074
OVCAR3,DEXAMETHASONE,0
OVCAR3,DINACICLIB,45.02252823
OVCAR3,DOXORUBICIN,47.31688815
OVCAR3,ERLOTINIB,72.44564667
OVCAR3,ETOPOSIDE,44.33898342
OVCAR3,GEMCITABINE,42.23807627
OVCAR3,L778123,0
OVCAR3,LAPATINIB,24.78407766
OVCAR3,MK-2206,86.12130183
OVCAR3,MK-4541,0
OVCAR3,MK-4827,0
OVCAR3,MK-5108,15.60339612
OVCAR3,MK-8669,9.68756008
OVCAR3,MRK-003,28.65104231
OVCAR3,METFORMIN,0
OVCAR3,METHOTREXATE,66.35520119
OVCAR3,MITOMYCINE,36.47901405
OVCAR3,OXALIPLATIN,27.38587662
OVCAR3,PD325901,6.10484261
OVCAR3,PACLITAXEL,55.78979269
OVCAR3,SN-38,6.38350871
OVCAR3,SORAFENIB,7.10112249
OVCAR3,SUNITINIB,3.21890784
OVCAR3,TEMOZOLOMIDE,0
OVCAR3,TOPOTECAN,66.72206328
OVCAR3,VINBLASTINE,45.62699333
OVCAR3,VINORELBINE,55.73476636
OVCAR3,ZOLINZA,35.34610796
OVCAR3,GELDANAMYCIN,42.06700693
PA1,5-FU,58.43481606
PA1,5-FU,31.04576748
PA1,ABT-888,0
PA1,AZD1775,17.07572762
PA1,AZD1775,44.77008481
PA1,BEZ-235,40.82354128
PA1,BORTEZOMIB,55.54845998
PA1,CARBOPLATIN,84.32577402
PA1,CYCLOPHOSPHAMIDE,0
PA1,DASATINIB,70.65988961
PA1,DASATINIB,58.09888964
PA1,DEXAMETHASONE,0
PA1,DINACICLIB,46.21134374
PA1,DOXORUBICIN,84.92183237
PA1,ERLOTINIB,30.71934345
PA1,ETOPOSIDE,93.46750063
PA1,GEMCITABINE,46.00483988
PA1,GEMCITABINE,37.30212214
PA1,L778123,29.01360778
PA1,L778123,0
PA1,LAPATINIB,0.00026996
PA1,LAPATINIB,0
PA1,MK-2206,0
PA1,MK-4541,0
PA1,MK-4827,32.97442492
PA1,MK-4827,35.0778879
PA1,MK-5108,69.03257334
PA1,MK-8669,0
PA1,MRK-003,0
PA1,METFORMIN,0
PA1,METHOTREXATE,69.63696234
PA1,MITOMYCINE,74.06897738
PA1,MITOMYCINE,41.90239358
PA1,OXALIPLATIN,82.2425059
PA1,PD325901,2.45282924
PA1,PACLITAXEL,55.78178954
PA1,SN-38,42.25971667
PA1,SORAFENIB,53.39937649
PA1,SUNITINIB,6.19245159
PA1,SUNITINIB,0.03682191
PA1,TEMOZOLOMIDE,0
PA1,TEMOZOLOMIDE,1.10E-07
PA1,TOPOTECAN,83.73814476
PA1,VINBLASTINE,44.61859339
PA1,VINORELBINE,54.84417676
PA1,ZOLINZA,70.35871576
PA1,GELDANAMYCIN,0
RKO,5-FU,30.6163111
RKO,ABT-888,0
RKO,AZD1775,13.17142641
RKO,BEZ-235,31.40068937
RKO,BORTEZOMIB,49.67207445
RKO,CARBOPLATIN,0
RKO,CYCLOPHOSPHAMIDE,0
RKO,DASATINIB,0.00098938
RKO,DEXAMETHASONE,0
RKO,DINACICLIB,44.83344943
RKO,DOXORUBICIN,53.93057863
RKO,ERLOTINIB,0
RKO,ETOPOSIDE,22.22959638
RKO,GEMCITABINE,45.98709928
RKO,L778123,9.85140867
RKO,LAPATINIB,0
RKO,MK-2206,10.26260203
RKO,MK-4541,0
RKO,MK-4827,5.73057647
RKO,MK-5108,0
RKO,MK-8669,0.06255912
RKO,MRK-003,11.83949924
RKO,METFORMIN,0
RKO,METHOTREXATE,66.88373753
RKO,MITOMYCINE,42.58188629
RKO,OXALIPLATIN,16.07393179
RKO,PD325901,0
RKO,PACLITAXEL,29.99453211
RKO,SN-38,12.01081689
RKO,SORAFENIB,9.55699569
RKO,SUNITINIB,2.08911367
RKO,TEMOZOLOMIDE,0
RKO,TOPOTECAN,53.85705998
RKO,VINBLASTINE,43.23236827
RKO,VINORELBINE,35.77162809
RKO,ZOLINZA,0
RKO,GELDANAMYCIN,63.10984933
RPMI7951,5-FU,37.49211378
RPMI7951,ABT-888,0
RPMI7951,AZD1775,37.43477745
RPMI7951,BEZ-235,68.62537672
RPMI7951,BEZ-235,83.02295214
RPMI7951,BORTEZOMIB,55.49811371
RPMI7951,CARBOPLATIN,52.77499575
RPMI7951,CYCLOPHOSPHAMIDE,0
RPMI7951,DASATINIB,80.07882769
RPMI7951,DEXAMETHASONE,0
RPMI7951,DINACICLIB,46.30938207
RPMI7951,DOXORUBICIN,58.11883289
RPMI7951,ERLOTINIB,2.78133793
RPMI7951,ETOPOSIDE,84.25583521
RPMI7951,GEMCITABINE,44.53007769
RPMI7951,L778123,40.61167149
RPMI7951,LAPATINIB,0
RPMI7951,MK-2206,37.61682589
RPMI7951,MK-2206,20.26130789
RPMI7951,MK-4541,0.30663424
RPMI7951,MK-4541,0
RPMI7951,MK-4827,17.43587806
RPMI7951,MK-5108,42.93845339
RPMI7951,MK-8669,25.71548651
RPMI7951,MK-8669,25.84152746
RPMI7951,MRK-003,3.36659519
RPMI7951,METFORMIN,0
RPMI7951,METHOTREXATE,70.50375801
RPMI7951,MITOMYCINE,78.62300047
RPMI7951,OXALIPLATIN,37.72906888
RPMI7951,PD325901,34.74182625
RPMI7951,PD325901,46.71528183
RPMI7951,PACLITAXEL,55.79870125
RPMI7951,SN-38,29.55054331
RPMI7951,SN-38,44.38995567
RPMI7951,SORAFENIB,22.29338389
RPMI7951,SUNITINIB,6.21418882
RPMI7951,TEMOZOLOMIDE,33.85884335
RPMI7951,TEMOZOLOMIDE,38.8707053
RPMI7951,TOPOTECAN,81.45595011
RPMI7951,VINBLASTINE,45.22495599
RPMI7951,VINORELBINE,54.37743469
RPMI7951,VINORELBINE,44.87984198
RPMI7951,ZOLINZA,36.95121384
RPMI7951,ZOLINZA,38.00687235
RPMI7951,GELDANAMYCIN,92.086771
SKMEL30,5-FU,16.42117391
SKMEL30,ABT-888,0
SKMEL30,AZD1775,20.889782
SKMEL30,BEZ-235,39.32963466
SKMEL30,BORTEZOMIB,45.88132105
SKMEL30,CARBOPLATIN,14.04037579
SKMEL30,CYCLOPHOSPHAMIDE,0
SKMEL30,DASATINIB,0
SKMEL30,DEXAMETHASONE,0
SKMEL30,DINACICLIB,44.66350587
SKMEL30,DOXORUBICIN,48.01562733
SKMEL30,ERLOTINIB,0.00137299
SKMEL30,ETOPOSIDE,36.26988922
SKMEL30,GEMCITABINE,30.50695936
SKMEL30,L778123,19.60411198
SKMEL30,LAPATINIB,0.0005917
SKMEL30,MK-2206,0
SKMEL30,MK-4541,0
SKMEL30,MK-4827,8.31932325
SKMEL30,MK-5108,5.22145879
SKMEL30,MK-8669,0
SKMEL30,MRK-003,17.62182313
SKMEL30,METFORMIN,0
SKMEL30,METHOTREXATE,43.61414769
SKMEL30,MITOMYCINE,32.0442236
SKMEL30,OXALIPLATIN,29.66199029
SKMEL30,PD325901,37.9412559
SKMEL30,PACLITAXEL,37.22924403
SKMEL30,SN-38,14.54668584
SKMEL30,SORAFENIB,47.7931617
SKMEL30,SUNITINIB,0
SKMEL30,TEMOZOLOMIDE,2.22608747
SKMEL30,TOPOTECAN,40.46231087
SKMEL30,VINBLASTINE,26.47644092
SKMEL30,VINORELBINE,24.93113698
SKMEL30,ZOLINZA,27.9689735
SKMEL30,GELDANAMYCIN,23.82276682
SKMES1,5-FU,31.94738207
SKMES1,ABT-888,0
SKMES1,AZD1775,48.48948521
SKMES1,BEZ-235,43.13790166
SKMES1,BORTEZOMIB,46.07852464
SKMES1,CARBOPLATIN,0
SKMES1,CYCLOPHOSPHAMIDE,0
SKMES1,DASATINIB,62.55520676
SKMES1,DEXAMETHASONE,0
SKMES1,DINACICLIB,44.26039936
SKMES1,DOXORUBICIN,52.7144994
SKMES1,ERLOTINIB,69.53834513
SKMES1,ETOPOSIDE,75.15754216
SKMES1,GEMCITABINE,44.54038983
SKMES1,L778123,0
SKMES1,LAPATINIB,59.78268634
SKMES1,MK-2206,30.19156414
SKMES1,MK-4541,0
SKMES1,MK-4827,0
SKMES1,MK-5108,39.82198
SKMES1,MK-8669,0
SKMES1,MRK-003,0
SKMES1,METFORMIN,0
SKMES1,METHOTREXATE,43.49341499
SKMES1,MITOMYCINE,71.33386303
SKMES1,OXALIPLATIN,0
SKMES1,PD325901,32.36820409
SKMES1,PACLITAXEL,44.7108057
SKMES1,SN-38,0
SKMES1,SORAFENIB,17.5972996
SKMES1,SUNITINIB,2.82724455
SKMES1,TEMOZOLOMIDE,0
SKMES1,TOPOTECAN,67.20287386
SKMES1,VINBLASTINE,33.33508375
SKMES1,VINORELBINE,44.39625269
SKMES1,ZOLINZA,26.09956121
SKMES1,GELDANAMYCIN,73.78192745
SKOV3,5-FU,0
SKOV3,ABT-888,0
SKOV3,AZD1775,17.66387529
SKOV3,BEZ-235,56.88017843
SKOV3,BORTEZOMIB,45.71052705
SKOV3,CARBOPLATIN,21.2966969
SKOV3,CYCLOPHOSPHAMIDE,0
SKOV3,DASATINIB,69.26489284
SKOV3,DEXAMETHASONE,0
SKOV3,DINACICLIB,37.56790982
SKOV3,DOXORUBICIN,47.56989107
SKOV3,ERLOTINIB,29.34204735
SKOV3,ETOPOSIDE,26.11010303
SKOV3,GEMCITABINE,35.49221729
SKOV3,L778123,6.33806956
SKOV3,LAPATINIB,30.49219634
SKOV3,MK-2206,28.75063507
SKOV3,MK-4541,0
SKOV3,MK-4827,0
SKOV3,MK-5108,0
SKOV3,MK-8669,3.49833621
SKOV3,MRK-003,0
SKOV3,METFORMIN,0
SKOV3,METHOTREXATE,0.87374441
SKOV3,MITOMYCINE,53.44135163
SKOV3,OXALIPLATIN,12.40954819
SKOV3,PD325901,0
SKOV3,PACLITAXEL,24.58565716
SKOV3,SN-38,0
SKOV3,SORAFENIB,15.98054244
SKOV3,SUNITINIB,2.02075856
SKOV3,TEMOZOLOMIDE,0
SKOV3,TOPOTECAN,61.12128747
SKOV3,VINBLASTINE,28.25395337
SKOV3,VINORELBINE,27.1082872
SKOV3,ZOLINZA,17.36884314
SKOV3,GELDANAMYCIN,64.91006334
SW620,5-FU,0
SW620,ABT-888,0
SW620,AZD1775,26.09311748
SW620,AZD1775,30.45205876
SW620,BEZ-235,39.60040809
SW620,BORTEZOMIB,45.90608283
SW620,CARBOPLATIN,0
SW620,CYCLOPHOSPHAMIDE,0
SW620,DASATINIB,0
SW620,DEXAMETHASONE,0
SW620,DINACICLIB,37.10952029
SW620,DOXORUBICIN,48.54521794
SW620,ERLOTINIB,0
SW620,ETOPOSIDE,54.16557932
SW620,GEMCITABINE,31.68056464
SW620,GEMCITABINE,26.97399338
SW620,L778123,0
SW620,L778123,19.9371129
SW620,LAPATINIB,0
SW620,MK-2206,0
SW620,MK-4541,0
SW620,MK-4827,33.14713445
SW620,MK-4827,42.53996453
SW620,MK-5108,10.14835522
SW620,MK-8669,0
SW620,MRK-003,0
SW620,METFORMIN,0
SW620,METHOTREXATE,49.9393299
SW620,MITOMYCINE,47.75070891
SW620,MITOMYCINE,30.14196456
SW620,OXALIPLATIN,38.35895168
SW620,PD325901,31.18393825
SW620,PACLITAXEL,25.69261571
SW620,SN-38,44.26554194
SW620,SORAFENIB,7.27605529
SW620,SUNITINIB,38.27624346
SW620,SUNITINIB,23.50124508
SW620,TEMOZOLOMIDE,42.37017521
SW620,TEMOZOLOMIDE,39.17198285
SW620,TOPOTECAN,50.16314667
SW620,VINBLASTINE,43.05564782
SW620,VINORELBINE,25.96254957
SW620,ZOLINZA,39.53023969
SW620,GELDANAMYCIN,77.04769682
SW837,5-FU,43.62034537
SW837,ABT-888,0
SW837,AZD1775,32.19924161
SW837,BEZ-235,47.19320492
SW837,BORTEZOMIB,36.58634787
SW837,CARBOPLATIN,6.23263856
SW837,CYCLOPHOSPHAMIDE,0
SW837,DASATINIB,53.86813133
SW837,DEXAMETHASONE,0
SW837,DINACICLIB,39.87458163
SW837,DOXORUBICIN,49.12734489
SW837,ERLOTINIB,54.96139904
SW837,ETOPOSIDE,32.75425457
SW837,GEMCITABINE,21.47292562
SW837,L778123,0
SW837,LAPATINIB,0
SW837,MK-2206,31.35230246
SW837,MK-4541,2.46198726
SW837,MK-4827,25.12108548
SW837,MK-5108,0
SW837,MK-8669,0
SW837,MRK-003,9.89867514
SW837,METFORMIN,0
SW837,METHOTREXATE,38.05182838
SW837,MITOMYCINE,46.2070159
SW837,OXALIPLATIN,50.91190676
SW837,PD325901,29.49741966
SW837,PACLITAXEL,29.61683614
SW837,SN-38,11.92973283
SW837,SORAFENIB,33.00483968
SW837,SUNITINIB,0.06658972
SW837,TEMOZOLOMIDE,0
SW837,TOPOTECAN,52.5116042
SW837,VINBLASTINE,41.59640269
SW837,VINORELBINE,26.53744318
SW837,ZOLINZA,42.56279764
SW837,GELDANAMYCIN,67.41662258
T47D,5-FU,28.1290658
T47D,ABT-888,0.0116441
T47D,AZD1775,14.9078636
T47D,AZD1775,10.324635
T47D,BEZ-235,86.65721683
T47D,BEZ-235,58.40385855
T47D,BORTEZOMIB,45.84786174
T47D,CARBOPLATIN,0.01426606
T47D,CARBOPLATIN,0
T47D,CYCLOPHOSPHAMIDE,0
T47D,DASATINIB,42.6215376
T47D,DASATINIB,59.18636049
T47D,DEXAMETHASONE,0
T47D,DINACICLIB,34.87248592
T47D,DOXORUBICIN,50.81686138
T47D,ERLOTINIB,14.08464007
T47D,ETOPOSIDE,72.47259575
T47D,GEMCITABINE,30.86150899
T47D,L778123,32.44429179
T47D,LAPATINIB,58.25753617
T47D,MK-2206,77.17084095
T47D,MK-2206,66.84748102
T47D,MK-4541,5.13643011
T47D,MK-4541,0
T47D,MK-4827,33.43027317
T47D,MK-4827,0
T47D,MK-5108,0
T47D,MK-5108,5.54434162
T47D,MK-8669,22.22280888
T47D,MK-8669,18.32945859
T47D,MRK-003,26.40723992
T47D,MRK-003,48.28077265
T47D,METFORMIN,0
T47D,METHOTREXATE,47.05763307
T47D,MITOMYCINE,48.81298562
T47D,OXALIPLATIN,14.48491361
T47D,PD325901,0
T47D,PD325901,2.27082088
T47D,PACLITAXEL,34.05775337
T47D,SN-38,29.35316026
T47D,SN-38,21.47374858
T47D,SORAFENIB,51.03642429
T47D,SUNITINIB,21.20787444
T47D,SUNITINIB,15.47041794
T47D,TEMOZOLOMIDE,0
T47D,TOPOTECAN,73.21490295
T47D,VINBLASTINE,33.32614921
T47D,VINBLASTINE,44.47698755
T47D,VINORELBINE,26.67416708
T47D,ZOLINZA,42.09268662
T47D,ZOLINZA,34.09439408
T47D,GELDANAMYCIN,0
UACC62,5-FU,22.70074082
UACC62,ABT-888,0
UACC62,AZD1775,18.72350114
UACC62,BEZ-235,46.49533642
UACC62,BORTEZOMIB,43.81261469
UACC62,CARBOPLATIN,21.91469412
UACC62,CYCLOPHOSPHAMIDE,0
UACC62,DASATINIB,9.18103735
UACC62,DEXAMETHASONE,0
UACC62,DINACICLIB,45.13301945
UACC62,DOXORUBICIN,48.02535541
UACC62,ERLOTINIB,13.43871933
UACC62,ETOPOSIDE,30.43972953
UACC62,GEMCITABINE,30.22949864
UACC62,L778123,11.7255819
UACC62,LAPATINIB,0
UACC62,MK-2206,33.57616033
UACC62,MK-4541,0
UACC62,MK-4827,0
UACC62,MK-5108,12.40845303
UACC62,MK-8669,3.43482834
UACC62,MRK-003,0
UACC62,METFORMIN,0
UACC62,METHOTREXATE,40.20193008
UACC62,MITOMYCINE,44.11920577
UACC62,OXALIPLATIN,43.91509186
UACC62,PD325901,42.24506665
UACC62,PACLITAXEL,31.90901352
UACC62,SN-38,30.54195506
UACC62,SORAFENIB,30.58961613
UACC62,SUNITINIB,0
UACC62,TEMOZOLOMIDE,16.22654643
UACC62,TOPOTECAN,66.97661964
UACC62,VINBLASTINE,28.62430209
UACC62,VINORELBINE,37.58405891
UACC62,ZOLINZA,41.10285393
UACC62,GELDANAMYCIN,70.17771562
UWB1289,5-FU,37.62868087
UWB1289,ABT-888,0
UWB1289,AZD1775,59.51956014
UWB1289,BEZ-235,54.58480665
UWB1289,BORTEZOMIB,46.420768
UWB1289,CARBOPLATIN,63.7474677
UWB1289,CYCLOPHOSPHAMIDE,0
UWB1289,DASATINIB,88.37264287
UWB1289,DEXAMETHASONE,0
UWB1289,DINACICLIB,42.15722319
UWB1289,DOXORUBICIN,49.72747583
UWB1289,ERLOTINIB,74.05241338
UWB1289,ETOPOSIDE,67.82061955
UWB1289,GEMCITABINE,44.51291651
UWB1289,L778123,48.69125587
UWB1289,LAPATINIB,43.25653713
UWB1289,MK-2206,0
UWB1289,MK-4541,2.29943579
UWB1289,MK-4827,52.62482181
UWB1289,MK-5108,47.96969768
UWB1289,MK-8669,20.53732101
UWB1289,MRK-003,21.71456
UWB1289,METFORMIN,0
UWB1289,METHOTREXATE,50.55012693
UWB1289,MITOMYCINE,53.31246887
UWB1289,OXALIPLATIN,53.63642696
UWB1289,PD325901,3.48384837
UWB1289,PACLITAXEL,40.4735114
UWB1289,SN-38,36.72634379
UWB1289,SORAFENIB,65.7992422
UWB1289,SUNITINIB,35.1051315
UWB1289,TEMOZOLOMIDE,29.02638136
UWB1289,TOPOTECAN,78.37111216
UWB1289,VINBLASTINE,40.16889133
UWB1289,VINORELBINE,35.64516326
UWB1289,ZOLINZA,43.06392887
UWB1289,GELDANAMYCIN,0.85263427
UWB1289BRCA1,5-FU,12.68626117
UWB1289BRCA1,ABT-888,0
UWB1289BRCA1,AZD1775,53.96520501
UWB1289BRCA1,BEZ-235,45.24836898
UWB1289BRCA1,BORTEZOMIB,45.75919972
UWB1289BRCA1,CARBOPLATIN,13.02184668
UWB1289BRCA1,CYCLOPHOSPHAMIDE,0
UWB1289BRCA1,DASATINIB,84.20003481
UWB1289BRCA1,DEXAMETHASONE,0
UWB1289BRCA1,DINACICLIB,37.68000579
UWB1289BRCA1,DOXORUBICIN,36.58921914
UWB1289BRCA1,ERLOTINIB,63.70243045
UWB1289BRCA1,ETOPOSIDE,13.86472989
UWB1289BRCA1,GEMCITABINE,25.3374925
UWB1289BRCA1,L778123,18.65693609
UWB1289BRCA1,LAPATINIB,11.73041298
UWB1289BRCA1,MK-2206,5.4814777
UWB1289BRCA1,MK-4541,0
UWB1289BRCA1,MK-4827,12.3126319
UWB1289BRCA1,MK-5108,28.86807976
UWB1289BRCA1,MK-8669,2.71881703
UWB1289BRCA1,MRK-003,0
UWB1289BRCA1,METFORMIN,0
UWB1289BRCA1,METHOTREXATE,69.28862249
UWB1289BRCA1,MITOMYCINE,7.69233577
UWB1289BRCA1,OXALIPLATIN,37.58670457
UWB1289BRCA1,PD325901,0
UWB1289BRCA1,PACLITAXEL,33.67980103
UWB1289BRCA1,SN-38,7.10264179
UWB1289BRCA1,SORAFENIB,54.7763601
UWB1289BRCA1,SUNITINIB,36.63622017
UWB1289BRCA1,TEMOZOLOMIDE,14.57482385
UWB1289BRCA1,TOPOTECAN,61.09661279
UWB1289BRCA1,VINBLASTINE,31.73547436
UWB1289BRCA1,VINORELBINE,29.82731772
UWB1289BRCA1,ZOLINZA,8.87738429
UWB1289BRCA1,GELDANAMYCIN,39.45960617
VCAP,5-FU,0
VCAP,ABT-888,0
VCAP,AZD1775,32.24820019
VCAP,BEZ-235,40.00696033
VCAP,BORTEZOMIB,47.19607609
VCAP,CARBOPLATIN,0
VCAP,CYCLOPHOSPHAMIDE,0
VCAP,DASATINIB,1.95136125
VCAP,DEXAMETHASONE,0
VCAP,DINACICLIB,48.74198531
VCAP,DOXORUBICIN,52.60990263
VCAP,ERLOTINIB,4.31424614
VCAP,ETOPOSIDE,57.98316775
VCAP,GEMCITABINE,44.48420526
VCAP,L778123,14.01308909
VCAP,LAPATINIB,3.60905796
VCAP,MK-2206,68.73334281
VCAP,MK-4541,5.60212099
VCAP,MK-4827,18.05180845
VCAP,MK-5108,9.4445985
VCAP,MK-8669,0
VCAP,MRK-003,7.59897999
VCAP,METFORMIN,0
VCAP,METHOTREXATE,66.1559956
VCAP,MITOMYCINE,31.43504659
VCAP,OXALIPLATIN,0
VCAP,PD325901,0
VCAP,PACLITAXEL,45.83000229
VCAP,SN-38,0
VCAP,SORAFENIB,15.28528406
VCAP,SUNITINIB,0
VCAP,TEMOZOLOMIDE,0
VCAP,TOPOTECAN,45.6902909
VCAP,VINBLASTINE,47.96335985
VCAP,VINORELBINE,55.74551466
VCAP,ZOLINZA,47.56505762
VCAP,GELDANAMYCIN,0.01755504
ZR751,5-FU,52.26718331
ZR751,ABT-888,0
ZR751,AZD1775,28.3682568
ZR751,BEZ-235,55.38702057
ZR751,BORTEZOMIB,44.67391039
ZR751,CARBOPLATIN,0
ZR751,CYCLOPHOSPHAMIDE,0
ZR751,DASATINIB,13.98822781
ZR751,DEXAMETHASONE,27.37487431
ZR751,DINACICLIB,45.33689475
ZR751,DOXORUBICIN,51.29208191
ZR751,ERLOTINIB,0
ZR751,ETOPOSIDE,12.80131439
ZR751,GEMCITABINE,18.13924944
ZR751,L778123,58.80537836
ZR751,LAPATINIB,38.78299453
ZR751,MK-2206,80.98290035
ZR751,MK-4541,38.27952363
ZR751,MK-4827,0
ZR751,MK-5108,41.94446921
ZR751,MK-8669,38.51839833
ZR751,MRK-003,42.63638012
ZR751,METFORMIN,0
ZR751,METHOTREXATE,49.04585474
ZR751,MITOMYCINE,55.10108597
ZR751,OXALIPLATIN,51.9197967
ZR751,PD325901,24.04994401
ZR751,PACLITAXEL,28.51044824
ZR751,SN-38,21.56912525
ZR751,SORAFENIB,47.53294384
ZR751,SUNITINIB,29.58395661
ZR751,TEMOZOLOMIDE,0
ZR751,TOPOTECAN,56.8617268
ZR751,VINBLASTINE,44.08639326
ZR751,VINORELBINE,26.61171007
ZR751,ZOLINZA,45.5133564
ZR751,GELDANAMYCIN,82.28512836
A2058,MK-8776,23.59029286
A2058,MK-8776,35.7394012
A2058,BEZ-235,71.99778187
A2058,MK-8669,13.01238305
A2058,SN-38,44.38644045
A2058,VINBLASTINE,46.43482449
A2780,MK-8776,11.32504724
A2780,BEZ-235,63.27903275
A2780,GELDANAMYCIN,73.0040543
A375,MK-8776,13.71732844
A375,MK-8776,28.72148266
A375,BEZ-235,49.8105859
A375,DINACICLIB,41.76712457
A375,MK-8776,6.02800381
A375,BEZ-235,37.600746
A375,GELDANAMYCIN,31.4631597
A375,VINBLASTINE,38.85197689
A375,AZD1775,17.63778217
A427,MK-8776,31.76789838
A427,MK-8776,39.16976454
A427,BEZ-235,50.91059855
A427,MK-8669,8.88298242
A427,ERLOTINIB,16.35797721
A427,SN-38,44.49187592
A427,VINBLASTINE,34.82828684
CAOV3,MK-8776,70.91903487
CAOV3,MK-8776,67.13870557
CAOV3,BEZ-235,55.37383531
CAOV3,DINACICLIB,44.47847611
CAOV3,MK-8776,74.28124326
CAOV3,MK-8669,23.20932657
CAOV3,ERLOTINIB,75.98819014
CAOV3,ABT-888,0
CAOV3,BEZ-235,64.23955492
CAOV3,BORTEZOMIB,55.57273017
CAOV3,L778123,15.35627887
CAOV3,PD325901,19.33760863
CAOV3,GELDANAMYCIN,85.62075162
CAOV3,SN-38,44.50667841
CAOV3,VINBLASTINE,48.46190573
CAOV3,AZD1775,56.84273899
CAOV3,MK-2206,0
CAOV3,MK-8669,0
COLO320DM,MK-8776,17.79469
COLO320DM,MK-8776,9.21795122
COLO320DM,BEZ-235,33.84811099
COLO320DM,ERLOTINIB,25.64569329
DLD1,MK-8776,1.97635178
EFM192B,MK-8776,56.50247407
EFM192B,MK-8776,79.94786188
EFM192B,BEZ-235,88.48423001
EFM192B,MK-8669,33.10323112
EFM192B,ERLOTINIB,40.12163991
EFM192B,SN-38,44.46309842
EFM192B,VINBLASTINE,44.34146222
ES2,MK-8776,61.94583601
ES2,MK-8776,74.30666889
ES2,BEZ-235,52.70891778
ES2,MK-8669,4.8916912
ES2,ERLOTINIB,29.53040286
ES2,SN-38,15.58603645
ES2,VINBLASTINE,36.09531119
HCT116,MK-8776,1.88252048
HCT116,MK-8776,0
HCT116,BEZ-235,30.95471693
HCT116,SORAFENIB,30.91291805
HCT116,MK-4827,1.71689808
HCT116,DINACICLIB,39.52088415
HCT116,PD325901,29.55492779
HCT116,ERLOTINIB,0.00185777
HCT116,VINBLASTINE,38.43347825
HT144,MK-8776,28.06716449
HT29,MK-8776,23.14012847
HT29,MK-8776,0
HT29,BEZ-235,31.82800843
HT29,MK-8669,1.18623769
HT29,VINBLASTINE,40.15586732
KPL1,MK-8776,35.13958126
LNCAP,MK-8776,17.62563706
LNCAP,MK-2206,78.65306247
LNCAP,MK-5108,33.9848837
LNCAP,MK-8669,18.31284533
LNCAP,MK-8776,39.11781365
LNCAP,DINACICLIB,46.09779343
LNCAP,L778123,51.00542839
LNCAP,OXALIPLATIN,12.95562863
LNCAP,BORTEZOMIB,46.01114236
LNCAP,GELDANAMYCIN,66.98670328
LNCAP,MK-4827,41.56199945
LNCAP,SORAFENIB,50.86595573
LNCAP,SUNITINIB,0.5583062
LNCAP,DASATINIB,37.95142365
LOVO,MK-8776,65.69161221
LOVO,MK-8776,71.88340533
LOVO,BEZ-235,54.44557302
LOVO,MK-8669,20.11820569
LOVO,ERLOTINIB,77.03893472
LOVO,SN-38,11.86472299
LOVO,VINBLASTINE,39.10688519
MDAMB436,MK-8776,42.45678553
MSTO,MK-8776,54.64230511
MSTO,DINACICLIB,43.08759063
MSTO,SORAFENIB,56.28770235
MSTO,BEZ-235,42.61136767
MSTO,DASATINIB,23.54852744
MSTO,ERLOTINIB,0
MSTO,MK-2206,4.4927131
MSTO,MK-8669,0.09830202
MSTO,MK-8776,43.92660682
MSTO,SUNITINIB,18.92352988
MSTO,TEMOZOLOMIDE,21.82142002
MSTO,ZOLINZA,21.71600296
NCIH1650,MK-8776,35.77835901
NCIH1650,MK-8776,53.74999043
NCIH1650,BEZ-235,39.69845611
NCIH1650,MK-8669,11.41229986
NCIH1650,ERLOTINIB,56.46196586
NCIH1650,SN-38,2.35121769
NCIH1650,VINBLASTINE,31.42945881
NCIH2122,MK-8776,68.93409047
NCIH2122,MK-8776,67.87526217
NCIH2122,BEZ-235,53.71008204
NCIH2122,ERLOTINIB,77.58722898
NCIH2122,SN-38,44.41153709
NCIH2122,VINBLASTINE,46.0199405
NCIH23,MK-8776,59.85008156
NCIH23,MK-8776,65.28779157
NCIH23,BEZ-235,40.44964025
NCIH23,MK-8776,59.5478642
NCIH23,BEZ-235,39.31002371
NCIH23,BORTEZOMIB,44.95351292
NCIH23,DINACICLIB,42.90204791
NCIH23,L778123,30.37217798
NCIH23,PD325901,12.38529717
NCIH23,GELDANAMYCIN,83.75287
NCIH23,MK-8669,5.18291889
NCIH23,ERLOTINIB,14.3105191
NCIH23,VINBLASTINE,43.0352874
NCIH23,ERLOTINIB,22.48635981
NCIH460,MK-8776,0
NCIH520,MK-8776,11.90940895
OCUBM,MK-8776,48.56381109
OV90,MK-8776,35.92340437
OVCAR3,MK-8776,63.53422641
PA1,MK-8776,10.31030298
PA1,MK-8776,0
PA1,BEZ-235,38.48023958
PA1,MK-8669,2.2192332
PA1,ERLOTINIB,20.99399388
PA1,SN-38,44.57227525
PA1,VINBLASTINE,43.39241108
RKO,MK-8776,47.3777235
RPMI7951,MK-8776,82.59847193
RPMI7951,BORTEZOMIB,46.67425975
RPMI7951,DINACICLIB,46.43460974
RPMI7951,L778123,0.92379868
RPMI7951,MK-8776,69.62364723
RPMI7951,GELDANAMYCIN,94.33635433
RPMI7951,ERLOTINIB,0
SKMEL30,MK-8776,40.27262908
SKMES1,MK-8776,85.5866612
SKOV3,MK-8776,35.38213189
SW620,MK-8776,0
SW620,BEZ-235,35.14935534
SW620,MK-8669,3.65870768
SW620,SN-38,0
SW620,VINBLASTINE,32.567737
SW837,MK-8776,52.4785749
T47D,MK-8776,0
T47D,OXALIPLATIN,45.62526299
T47D,ERLOTINIB,8.43557422
T47D,LAPATINIB,58.10482452
T47D,SORAFENIB,52.87530762
T47D,DINACICLIB,34.67225783
T47D,ABT-888,0
T47D,BORTEZOMIB,50.85977994
T47D,L778123,0
UACC62,MK-8776,21.52664365
UWB1289,MK-8776,92.37328125
UWB1289BRCA1,MK-8776,88.74800406
VCAP,MK-8776,24.55881385
ZR751,MK-8776,0
