CELL_LINE,COMBINATION_ID,PREDICTION
SW837,5-FU.GELDANAMYCIN,0
DLD1,VINBLASTINE.ZOLINZA,1
HT144,ETOPOSIDE.MK-8776,1
SKMEL30,PD325901.VINBLASTINE,0
A2780,MK-2206.MRK-003,1
NCIH520,SN-38.ZOLINZA,0
ES2,MK-8669.VINBLASTINE,1
OVCAR3,MRK-003.PD325901,1
RKO,BEZ-235.MK-8776,1
NCIH1650,L778123.VINBLASTINE,1
LOVO,MK-8776.TEMOZOLOMIDE,1
NCIH520,ERLOTINIB.MK-5108,1
ES2,CYCLOPHOSPHAMIDE.MK-4827,0
T47D,BEZ-235.DINACICLIB,0
SW620,BORTEZOMIB.CARBOPLATIN,1
ES2,DASATINIB.OXALIPLATIN,0
NCIH520,PACLITAXEL.SORAFENIB,1
MSTO,MK-8776.TEMOZOLOMIDE,1
LOVO,MITOMYCINE.MK-8669,1
MSTO,MK-4541.TOPOTECAN,1
DLD1,MK-4541.PD325901,1
A2780,DASATINIB.MK-5108,1
MSTO,LAPATINIB.MK-4541,0
A427,AZD1775.SORAFENIB,1
LOVO,BEZ-235.GELDANAMYCIN,1
LOVO,MK-4541.VINBLASTINE,1
ES2,L778123.TOPOTECAN,1
PA1,AZD1775.BEZ-235,1
NCIH520,ETOPOSIDE.SUNITINIB,1
HT29,MK-2206.PD325901,1
UWB1289,DASATINIB.TOPOTECAN,0
HCT116,GELDANAMYCIN.MK-2206,1
RPMI7951,DINACICLIB.L778123,1
SKMEL30,PD325901.TEMOZOLOMIDE,0
HT29,CYCLOPHOSPHAMIDE.DASATINIB,1
SW620,LAPATINIB.MK-4541,0
UACC62,LAPATINIB.MK-2206,1
RPMI7951,CYCLOPHOSPHAMIDE.L778123,1
DLD1,MK-5108.MK-8669,1
HCT116,METFORMIN.MK-8669,1
A375,BORTEZOMIB.DASATINIB,1
PA1,AZD1775.L778123,1
PA1,SORAFENIB.VINORELBINE,0
HCT116,ABT-888.METFORMIN,1
RKO,DEXAMETHASONE.GELDANAMYCIN,1
LOVO,BORTEZOMIB.GEMCITABINE,1
SKMES1,METHOTREXATE.SUNITINIB,0
A375,ABT-888.METHOTREXATE,0
DLD1,MK-2206.SUNITINIB,1
SKMEL30,BORTEZOMIB.VINBLASTINE,0
SKOV3,ABT-888.MITOMYCINE,0
SW837,GELDANAMYCIN.SORAFENIB,0
HCT116,CYCLOPHOSPHAMIDE.SORAFENIB,1
OVCAR3,MK-2206.TEMOZOLOMIDE,1
A375,AZD1775.CYCLOPHOSPHAMIDE,1
NCIH520,MK-4541.MK-8776,1
MDAMB436,CARBOPLATIN.MK-4827,1
SW837,CYCLOPHOSPHAMIDE.MK-2206,0
OV90,ABT-888.L778123,1
OV90,DINACICLIB.L778123,1
NCIH23,5-FU.MK-5108,1
UWB1289,ABT-888.METFORMIN,0
ES2,BORTEZOMIB.MK-4541,1
SW620,BORTEZOMIB.DOXORUBICIN,1
OCUBM,LAPATINIB.MK-8776,1
SKOV3,ABT-888.SORAFENIB,1
RPMI7951,MK-2206.PD325901,1
HT144,DOXORUBICIN.ERLOTINIB,1
A2780,ABT-888.MK-8669,1
NCIH2122,ABT-888.MK-2206,1
UWB1289,AZD1775.BEZ-235,1
NCIH2122,ABT-888.MK-4827,1
NCIH23,DEXAMETHASONE.GELDANAMYCIN,0
T47D,LAPATINIB.METFORMIN,0
RPMI7951,TEMOZOLOMIDE.VINBLASTINE,0
SW620,ABT-888.AZD1775,1
NCIH23,LAPATINIB.MITOMYCINE,0
OVCAR3,AZD1775.ERLOTINIB,1
HCT116,BORTEZOMIB.CYCLOPHOSPHAMIDE,1
MDAMB436,MK-4541.PACLITAXEL,1
SW620,PD325901.SN-38,0
UWB1289,ERLOTINIB.ZOLINZA,1
OV90,MK-2206.OXALIPLATIN,0
VCAP,MK-8669.PD325901,1
A375,BORTEZOMIB.ETOPOSIDE,1
HT144,ABT-888.METHOTREXATE,0
HT29,DINACICLIB.MITOMYCINE,1
OCUBM,LAPATINIB.SN-38,1
A2058,AZD1775.DASATINIB,1
A2058,GEMCITABINE.MK-4827,0
NCIH23,PACLITAXEL.PD325901,0
A375,ERLOTINIB.METFORMIN,1
HT144,DEXAMETHASONE.MK-2206,1
NCIH2122,MK-5108.SN-38,0
A375,METHOTREXATE.PD325901,0
SW837,BEZ-235.ETOPOSIDE,1
MDAMB436,ERLOTINIB.MK-8669,1
NCIH1650,DINACICLIB.SUNITINIB,1
DLD1,MITOMYCINE.PD325901,1
DLD1,GELDANAMYCIN.METFORMIN,1
NCIH23,ABT-888.DASATINIB,1
MDAMB436,MITOMYCINE.MK-2206,1
VCAP,METFORMIN.PD325901,0
NCIH1650,BEZ-235.DASATINIB,1
SKOV3,OXALIPLATIN.SUNITINIB,1
NCIH1650,BEZ-235.METFORMIN,0
DLD1,BORTEZOMIB.MITOMYCINE,1
NCIH2122,MK-8669.PD325901,1
SKMEL30,ETOPOSIDE.MK-4541,1
SW620,TEMOZOLOMIDE.TOPOTECAN,1
ES2,DINACICLIB.SUNITINIB,1
DLD1,5-FU.L778123,1
NCIH520,BEZ-235.MRK-003,1
LOVO,SN-38.SUNITINIB,0
NCIH520,DEXAMETHASONE.TEMOZOLOMIDE,0
A427,5-FU.ABT-888,1
SW837,ABT-888.MITOMYCINE,0
LOVO,BEZ-235.SN-38,1
HT144,SUNITINIB.VINBLASTINE,1
NCIH520,5-FU.SORAFENIB,1
UACC62,MK-8669.MRK-003,1
LOVO,5-FU.TEMOZOLOMIDE,0
RPMI7951,SORAFENIB.VINBLASTINE,0
SKMES1,AZD1775.MITOMYCINE,1
PA1,ABT-888.MRK-003,1
HT144,BORTEZOMIB.GEMCITABINE,1
MDAMB436,DASATINIB.VINORELBINE,1
VCAP,MK-5108.VINORELBINE,0
UWB1289,MK-4827.OXALIPLATIN,1
T47D,MITOMYCINE.ZOLINZA,1
DLD1,AZD1775.CYCLOPHOSPHAMIDE,1
SW837,AZD1775.CYCLOPHOSPHAMIDE,1
HCT116,MITOMYCINE.PD325901,1
A2780,ABT-888.MRK-003,1
T47D,5-FU.GELDANAMYCIN,1
PA1,AZD1775.MK-4541,1
RKO,LAPATINIB.MK-4827,1
HT144,AZD1775.ZOLINZA,1
HT29,MK-4541.VINORELBINE,0
SW620,MITOMYCINE.MK-2206,1
VCAP,5-FU.BEZ-235,1
OV90,GEMCITABINE.SORAFENIB,1
A2058,L778123.MRK-003,1
HCT116,LAPATINIB.PD325901,1
UACC62,METHOTREXATE.MK-8776,0
A427,DOXORUBICIN.SUNITINIB,1
OCUBM,ABT-888.DEXAMETHASONE,1
A427,L778123.LAPATINIB,1
DLD1,BEZ-235.CARBOPLATIN,1
NCIH23,BORTEZOMIB.GEMCITABINE,1
HT144,DINACICLIB.L778123,1
ES2,DINACICLIB.TEMOZOLOMIDE,1
SW620,MRK-003.TEMOZOLOMIDE,1
OCUBM,MK-8776.OXALIPLATIN,1
HT29,GEMCITABINE.L778123,1
SW837,CARBOPLATIN.MK-8669,0
LOVO,TEMOZOLOMIDE.VINORELBINE,0
OV90,SORAFENIB.VINBLASTINE,1
SKOV3,DEXAMETHASONE.MK-2206,1
ES2,ERLOTINIB.VINORELBINE,1
NCIH23,5-FU.MK-8669,1
MSTO,GELDANAMYCIN.MRK-003,1
VCAP,ABT-888.MITOMYCINE,1
A2058,GELDANAMYCIN.MK-8776,1
HCT116,MK-5108.PACLITAXEL,1
UWB1289,DINACICLIB.METHOTREXATE,0
SKMES1,DASATINIB.PD325901,1
A375,L778123.MK-8776,1
A375,ETOPOSIDE.TEMOZOLOMIDE,1
DLD1,5-FU.PD325901,1
A2058,ERLOTINIB.TOPOTECAN,1
ES2,MK-4827.TOPOTECAN,1
DLD1,AZD1775.SUNITINIB,1
NCIH23,MK-8776.SORAFENIB,0
NCIH2122,MRK-003.OXALIPLATIN,0
HT29,BORTEZOMIB.METHOTREXATE,0
RPMI7951,MK-8776.OXALIPLATIN,0
SW620,ERLOTINIB.MK-5108,1
A2058,METHOTREXATE.MK-2206,1
NCIH2122,BORTEZOMIB.ZOLINZA,1
RKO,AZD1775.TEMOZOLOMIDE,1
SKOV3,DEXAMETHASONE.LAPATINIB,1
A375,GEMCITABINE.LAPATINIB,1
RPMI7951,5-FU.DINACICLIB,1
NCIH2122,BORTEZOMIB.DEXAMETHASONE,1
RPMI7951,CYCLOPHOSPHAMIDE.MK-8669,1
HT29,BORTEZOMIB.SORAFENIB,0
PA1,AZD1775.MK-8776,1
OVCAR3,DOXORUBICIN.SUNITINIB,0
SKMEL30,METHOTREXATE.ZOLINZA,0
SKOV3,MK-8669.PD325901,1
OV90,DINACICLIB.MK-2206,1
RKO,ERLOTINIB.PACLITAXEL,0
UACC62,LAPATINIB.SORAFENIB,1
HT144,L778123.METFORMIN,0
UACC62,BORTEZOMIB.MK-4827,0
UACC62,ERLOTINIB.SORAFENIB,1
OCUBM,MK-8776.MRK-003,1
VCAP,BORTEZOMIB.DASATINIB,1
SW620,ABT-888.ERLOTINIB,0
DLD1,CYCLOPHOSPHAMIDE.MRK-003,1
MSTO,MK-8669.OXALIPLATIN,1
HT144,MITOMYCINE.MK-5108,0
ES2,GELDANAMYCIN.PD325901,1
UWB1289,DEXAMETHASONE.PD325901,1
RKO,MITOMYCINE.MRK-003,0
OVCAR3,BEZ-235.GELDANAMYCIN,1
DLD1,DINACICLIB.MK-5108,1
OVCAR3,ABT-888.ERLOTINIB,1
NCIH520,DEXAMETHASONE.DINACICLIB,1
SW620,MK-4541.MK-8776,1
VCAP,DOXORUBICIN.MK-4541,1
A427,AZD1775.DEXAMETHASONE,1
HT144,BEZ-235.SORAFENIB,1
HT144,MITOMYCINE.MK-4541,0
HT144,GEMCITABINE.PD325901,1
A375,TEMOZOLOMIDE.ZOLINZA,1
MSTO,AZD1775.PD325901,1
NCIH2122,ERLOTINIB.MK-8669,1
A2780,SN-38.SUNITINIB,0
NCIH1650,L778123.ZOLINZA,1
A427,AZD1775.MK-8776,1
NCIH2122,DINACICLIB.METHOTREXATE,1
HT29,MK-4541.PACLITAXEL,0
HT29,DINACICLIB.SUNITINIB,0
A375,DOXORUBICIN.TEMOZOLOMIDE,1
SKMEL30,MK-2206.MK-5108,1
UACC62,5-FU.MRK-003,1
MSTO,DASATINIB.MK-2206,1
UACC62,ABT-888.PACLITAXEL,0
OCUBM,AZD1775.DOXORUBICIN,1
UWB1289,MK-4827.PD325901,1
VCAP,GEMCITABINE.ZOLINZA,1
SW620,DOXORUBICIN.PD325901,1
A2780,DINACICLIB.MK-4827,1
UACC62,MRK-003.SN-38,1
ES2,MRK-003.SN-38,1
PA1,METFORMIN.MK-8669,1
A2780,LAPATINIB.MITOMYCINE,1
OV90,ABT-888.VINBLASTINE,0
HCT116,SUNITINIB.VINORELBINE,0
DLD1,DOXORUBICIN.MK-2206,1
NCIH520,LAPATINIB.SN-38,1
OVCAR3,SUNITINIB.TOPOTECAN,0
A2058,DASATINIB.ZOLINZA,1
HT144,MK-5108.MK-8776,0
MDAMB436,DINACICLIB.PACLITAXEL,1
SW837,LAPATINIB.VINORELBINE,1
PA1,ABT-888.CYCLOPHOSPHAMIDE,1
OV90,AZD1775.SORAFENIB,1
SKMEL30,5-FU.MK-8776,1
HCT116,BORTEZOMIB.MK-4541,1
SW837,ABT-888.ETOPOSIDE,0
PA1,LAPATINIB.SUNITINIB,1
VCAP,METFORMIN.MK-5108,1
NCIH2122,GEMCITABINE.L778123,1
MSTO,MK-2206.TOPOTECAN,1
SW620,LAPATINIB.TOPOTECAN,1
NCIH520,MK-5108.SN-38,0
NCIH520,MK-8669.SUNITINIB,1
DLD1,LAPATINIB.VINBLASTINE,1
NCIH520,ETOPOSIDE.MK-2206,1
LOVO,GEMCITABINE.MK-5108,1
NCIH2122,MK-8776.TOPOTECAN,0
MDAMB436,LAPATINIB.OXALIPLATIN,0
HCT116,METHOTREXATE.MK-5108,0
OCUBM,L778123.MK-4827,1
UWB1289,DINACICLIB.DOXORUBICIN,1
SKOV3,5-FU.MRK-003,1
SW620,CYCLOPHOSPHAMIDE.SUNITINIB,1
SKMEL30,CYCLOPHOSPHAMIDE.DINACICLIB,1
SW620,MK-5108.ZOLINZA,1
HT144,METFORMIN.ZOLINZA,1
OV90,ABT-888.TEMOZOLOMIDE,1
MDAMB436,MK-8669.PD325901,1
LOVO,MK-8669.VINORELBINE,1
UWB1289,DEXAMETHASONE.ZOLINZA,1
A427,ETOPOSIDE.MRK-003,0
SW837,MK-2206.TEMOZOLOMIDE,0
DLD1,BORTEZOMIB.ERLOTINIB,1
RPMI7951,AZD1775.METFORMIN,1
MSTO,BEZ-235.VINORELBINE,1
NCIH520,5-FU.L778123,1
A2780,GELDANAMYCIN.METHOTREXATE,0
MDAMB436,ERLOTINIB.TOPOTECAN,1
RKO,AZD1775.DEXAMETHASONE,1
HT144,ABT-888.VINORELBINE,0
VCAP,MK-4541.TEMOZOLOMIDE,1
A427,ABT-888.BEZ-235,1
UACC62,LAPATINIB.ZOLINZA,1
UACC62,MK-4827.PACLITAXEL,0
A2058,CYCLOPHOSPHAMIDE.GELDANAMYCIN,1
NCIH1650,MK-2206.PACLITAXEL,1
LOVO,ABT-888.VINBLASTINE,0
NCIH520,BEZ-235.MK-2206,1
HT144,SN-38.ZOLINZA,1
HT144,AZD1775.VINORELBINE,1
PA1,CYCLOPHOSPHAMIDE.PD325901,1
MDAMB436,BORTEZOMIB.GELDANAMYCIN,1
SKOV3,DASATINIB.LAPATINIB,1
SKMEL30,GEMCITABINE.PD325901,0
SW620,METHOTREXATE.TEMOZOLOMIDE,0
NCIH23,GEMCITABINE.MK-2206,1
OV90,MK-8669.SORAFENIB,1
SKMEL30,BORTEZOMIB.MITOMYCINE,0
A375,DASATINIB.TOPOTECAN,1
HCT116,MITOMYCINE.MRK-003,1
NCIH520,ETOPOSIDE.MK-8669,1
A375,MRK-003.SUNITINIB,1
SKMEL30,MK-5108.ZOLINZA,1
OVCAR3,DEXAMETHASONE.ZOLINZA,1
ES2,DASATINIB.MK-8669,1
SKMES1,DASATINIB.MK-8776,1
NCIH2122,5-FU.MK-8776,0
HT29,AZD1775.METHOTREXATE,0
ES2,MK-4827.MK-8776,1
UWB1289,MK-4541.SUNITINIB,1
ES2,METFORMIN.MK-4541,0
SKMEL30,MITOMYCINE.MK-2206,1
NCIH2122,GELDANAMYCIN.GEMCITABINE,1
ES2,DASATINIB.DINACICLIB,1
NCIH1650,ABT-888.SN-38,1
SKMES1,DEXAMETHASONE.MK-4827,1
SKMES1,DOXORUBICIN.SUNITINIB,0
RKO,PD325901.SORAFENIB,1
MDAMB436,GELDANAMYCIN.PD325901,1
RPMI7951,DEXAMETHASONE.TEMOZOLOMIDE,0
DLD1,SUNITINIB.VINBLASTINE,1
HCT116,AZD1775.ERLOTINIB,1
UACC62,BEZ-235.MK-4827,1
NCIH2122,MITOMYCINE.MK-2206,1
OVCAR3,CYCLOPHOSPHAMIDE.SUNITINIB,1
UACC62,BEZ-235.OXALIPLATIN,1
HT29,PD325901.VINBLASTINE,1
HT29,ABT-888.ZOLINZA,1
NCIH23,BORTEZOMIB.METHOTREXATE,0
HCT116,GELDANAMYCIN.SORAFENIB,1
RPMI7951,ERLOTINIB.L778123,1
ES2,GELDANAMYCIN.TEMOZOLOMIDE,0
HT144,LAPATINIB.ZOLINZA,1
A2780,5-FU.TEMOZOLOMIDE,1
DLD1,GELDANAMYCIN.ZOLINZA,0
NCIH2122,PD325901.ZOLINZA,1
LOVO,MITOMYCINE.SORAFENIB,0
MDAMB436,AZD1775.L778123,1
A375,MK-4541.SORAFENIB,1
SKMEL30,METFORMIN.MK-4541,1
HCT116,5-FU.MRK-003,1
UACC62,ABT-888.DEXAMETHASONE,0
HCT116,L778123.VINORELBINE,0
HCT116,DINACICLIB.LAPATINIB,1
ES2,MK-8669.SUNITINIB,1
HCT116,CYCLOPHOSPHAMIDE.MK-8776,1
NCIH23,GEMCITABINE.MK-8669,1
OCUBM,MITOMYCINE.MK-8669,1
UWB1289,ABT-888.LAPATINIB,1
RPMI7951,MK-4541.VINBLASTINE,0
OCUBM,AZD1775.MK-8776,1
OVCAR3,BORTEZOMIB.MITOMYCINE,0
SW620,TOPOTECAN.ZOLINZA,0
NCIH23,MK-2206.TEMOZOLOMIDE,0
MDAMB436,BORTEZOMIB.SN-38,1
MSTO,CYCLOPHOSPHAMIDE.MK-4827,1
DLD1,ABT-888.METHOTREXATE,1
VCAP,5-FU.AZD1775,1
ES2,ABT-888.MK-8776,0
A2780,BEZ-235.TEMOZOLOMIDE,1
RPMI7951,MK-8776.MRK-003,1
SKMEL30,BORTEZOMIB.DOXORUBICIN,0
A2780,SORAFENIB.TOPOTECAN,0
NCIH520,ABT-888.ERLOTINIB,1
A375,MITOMYCINE.MK-8776,1
NCIH2122,L778123.PACLITAXEL,0
OCUBM,L778123.MK-8776,1
MDAMB436,TEMOZOLOMIDE.TOPOTECAN,1
A2780,ABT-888.METHOTREXATE,0
DLD1,ETOPOSIDE.TEMOZOLOMIDE,1
RKO,BEZ-235.ZOLINZA,1
DLD1,L778123.METFORMIN,1
DLD1,DASATINIB.SORAFENIB,1
RKO,AZD1775.MK-2206,1
NCIH23,MK-5108.OXALIPLATIN,0
A2780,AZD1775.DINACICLIB,1
LOVO,CARBOPLATIN.SUNITINIB,0
OCUBM,L778123.MK-8669,1
OV90,L778123.SORAFENIB,1
T47D,ABT-888.MK-5108,0
NCIH2122,GEMCITABINE.MK-4541,1
OCUBM,LAPATINIB.METFORMIN,1
PA1,DASATINIB.MRK-003,1
UACC62,CARBOPLATIN.MRK-003,0
OVCAR3,ETOPOSIDE.PD325901,1
SW620,MITOMYCINE.MK-5108,1
RKO,ETOPOSIDE.ZOLINZA,1
RKO,MK-8776.TEMOZOLOMIDE,1
HCT116,BEZ-235.MK-8669,1
SKMEL30,MK-2206.MK-8776,1
A427,LAPATINIB.VINBLASTINE,0
MDAMB436,ABT-888.GEMCITABINE,0
T47D,AZD1775.L778123,0
SW837,AZD1775.BORTEZOMIB,0
RPMI7951,5-FU.MK-4541,1
RKO,DASATINIB.VINBLASTINE,1
RPMI7951,GEMCITABINE.TEMOZOLOMIDE,1
RKO,VINBLASTINE.ZOLINZA,0
HT144,MK-2206.MK-5108,1
SW620,BEZ-235.GELDANAMYCIN,0
NCIH520,BORTEZOMIB.MRK-003,0
MSTO,DOXORUBICIN.ZOLINZA,1
HCT116,ABT-888.MRK-003,1
A2780,ETOPOSIDE.GELDANAMYCIN,0
SKMEL30,OXALIPLATIN.PD325901,0
SKMES1,AZD1775.OXALIPLATIN,0
NCIH1650,AZD1775.MK-8776,1
A427,CARBOPLATIN.L778123,1
HT29,MK-4541.MK-8776,1
LOVO,AZD1775.TOPOTECAN,1
SKMEL30,SORAFENIB.VINORELBINE,0
A2780,MK-2206.PACLITAXEL,1
RKO,AZD1775.PACLITAXEL,0
OV90,ERLOTINIB.ZOLINZA,1
HT144,5-FU.BORTEZOMIB,1
NCIH1650,MRK-003.TOPOTECAN,1
A427,ABT-888.METFORMIN,0
UWB1289,L778123.VINORELBINE,1
NCIH2122,BEZ-235.MK-8776,0
RKO,BORTEZOMIB.SUNITINIB,1
UWB1289,BEZ-235.DASATINIB,1
UWB1289,BEZ-235.GELDANAMYCIN,1
HT144,ABT-888.ETOPOSIDE,1
NCIH2122,BORTEZOMIB.MK-8776,0
NCIH23,MK-2206.MRK-003,1
MSTO,5-FU.LAPATINIB,1
RKO,GELDANAMYCIN.METFORMIN,1
PA1,ABT-888.VINBLASTINE,1
A2780,MK-4541.SUNITINIB,1
LOVO,MK-2206.TEMOZOLOMIDE,0
ES2,AZD1775.DINACICLIB,1
A2058,LAPATINIB.MK-4541,1
A375,MRK-003.ZOLINZA,1
MSTO,DINACICLIB.ZOLINZA,0
VCAP,AZD1775.TOPOTECAN,1
SKOV3,MK-8776.OXALIPLATIN,1
RKO,METFORMIN.PD325901,1
RKO,METHOTREXATE.ZOLINZA,0
T47D,ERLOTINIB.TOPOTECAN,1
VCAP,METHOTREXATE.MK-4827,1
HT29,DOXORUBICIN.GELDANAMYCIN,0
SKOV3,METHOTREXATE.MRK-003,1
RKO,MK-4541.TOPOTECAN,1
SKOV3,MK-4541.VINORELBINE,1
RKO,MK-5108.TEMOZOLOMIDE,1
HCT116,LAPATINIB.TEMOZOLOMIDE,1
NCIH23,GELDANAMYCIN.GEMCITABINE,0
T47D,L778123.MITOMYCINE,0
RPMI7951,GEMCITABINE.MK-8776,1
NCIH520,ABT-888.DASATINIB,1
A2780,PD325901.SORAFENIB,1
OVCAR3,MK-8776.SUNITINIB,1
UWB1289,MK-4541.SORAFENIB,1
UWB1289,MK-2206.MRK-003,1
NCIH2122,BORTEZOMIB.VINBLASTINE,0
UACC62,GELDANAMYCIN.TEMOZOLOMIDE,0
SKMEL30,AZD1775.L778123,1
A427,MK-4541.ZOLINZA,0
HCT116,BORTEZOMIB.MITOMYCINE,1
HT144,GEMCITABINE.MK-4541,0
OV90,MK-4827.TOPOTECAN,0
OVCAR3,DASATINIB.MK-4541,1
MSTO,DEXAMETHASONE.MK-4541,1
HT144,METHOTREXATE.SORAFENIB,0
UACC62,TEMOZOLOMIDE.VINORELBINE,0
PA1,BEZ-235.VINORELBINE,0
A2780,BEZ-235.MK-5108,1
LOVO,DASATINIB.MK-5108,1
RKO,ABT-888.MK-2206,1
A427,ERLOTINIB.MK-4827,0
LOVO,SUNITINIB.TEMOZOLOMIDE,0
HT29,MITOMYCINE.SUNITINIB,0
SW837,LAPATINIB.METFORMIN,1
OV90,AZD1775.CYCLOPHOSPHAMIDE,0
LOVO,MK-8776.TOPOTECAN,1
PA1,CYCLOPHOSPHAMIDE.SORAFENIB,1
RPMI7951,MK-4827.PACLITAXEL,0
NCIH2122,CARBOPLATIN.PD325901,0
A427,DASATINIB.MK-2206,1
MSTO,AZD1775.METFORMIN,1
OVCAR3,ERLOTINIB.ETOPOSIDE,1
SW620,GELDANAMYCIN.MK-8776,0
A2780,MK-8776.VINBLASTINE,1
A427,L778123.SN-38,1
HCT116,MK-8776.ZOLINZA,1
LOVO,LAPATINIB.METFORMIN,1
UACC62,SORAFENIB.VINORELBINE,0
A2780,ERLOTINIB.OXALIPLATIN,0
MSTO,BEZ-235.GELDANAMYCIN,1
VCAP,AZD1775.DEXAMETHASONE,1
NCIH2122,PD325901.SN-38,1
LOVO,DINACICLIB.PACLITAXEL,0
SW837,TEMOZOLOMIDE.TOPOTECAN,1
SKMES1,MK-5108.VINORELBINE,0
PA1,AZD1775.DEXAMETHASONE,1
HT29,5-FU.SORAFENIB,0
SKMES1,LAPATINIB.MK-5108,1
HT144,DOXORUBICIN.MK-5108,0
PA1,L778123.SUNITINIB,1
RPMI7951,GEMCITABINE.PD325901,1
OV90,DOXORUBICIN.L778123,1
RPMI7951,GEMCITABINE.MK-2206,1
LOVO,GELDANAMYCIN.MK-5108,0
LOVO,GELDANAMYCIN.METFORMIN,1
DLD1,GELDANAMYCIN.MK-8776,1
ES2,GELDANAMYCIN.LAPATINIB,1
MSTO,MK-2206.SN-38,1
NCIH23,MK-8669.OXALIPLATIN,1
ES2,DASATINIB.PD325901,1
ES2,LAPATINIB.OXALIPLATIN,0
SW620,MRK-003.SUNITINIB,1
HCT116,SN-38.ZOLINZA,1
OCUBM,LAPATINIB.VINBLASTINE,1
SKMES1,5-FU.MK-4827,0
NCIH520,BEZ-235.CYCLOPHOSPHAMIDE,1
OCUBM,METFORMIN.MRK-003,1
VCAP,L778123.MK-2206,1
NCIH2122,BEZ-235.CYCLOPHOSPHAMIDE,1
SKMES1,MRK-003.SN-38,1
NCIH1650,OXALIPLATIN.PD325901,0
NCIH1650,ABT-888.CYCLOPHOSPHAMIDE,0
SW620,DINACICLIB.SUNITINIB,1
VCAP,GELDANAMYCIN.SN-38,1
PA1,DOXORUBICIN.L778123,1
NCIH1650,LAPATINIB.OXALIPLATIN,0
UWB1289,L778123.SN-38,1
UWB1289,DASATINIB.TEMOZOLOMIDE,1
UACC62,DINACICLIB.ETOPOSIDE,0
ES2,BORTEZOMIB.SORAFENIB,0
HT144,BORTEZOMIB.MRK-003,1
VCAP,DASATINIB.PACLITAXEL,1
HT29,AZD1775.MK-8776,1
LOVO,ABT-888.DEXAMETHASONE,0
A2780,DEXAMETHASONE.MK-8776,1
OVCAR3,SN-38.TEMOZOLOMIDE,0
ES2,PD325901.SORAFENIB,1
SKMES1,DASATINIB.DINACICLIB,1
LOVO,ABT-888.ERLOTINIB,0
SKMES1,CYCLOPHOSPHAMIDE.ZOLINZA,1
PA1,DOXORUBICIN.MK-8669,1
NCIH2122,GELDANAMYCIN.MK-8776,0
T47D,ABT-888.LAPATINIB,0
MSTO,AZD1775.METHOTREXATE,0
SKMEL30,AZD1775.SORAFENIB,1
HT144,BEZ-235.ERLOTINIB,1
SW837,MK-2206.SN-38,1
ES2,ABT-888.L778123,1
SKOV3,DASATINIB.VINBLASTINE,1
SW837,DINACICLIB.ZOLINZA,0
SKOV3,CYCLOPHOSPHAMIDE.LAPATINIB,0
NCIH520,MRK-003.PD325901,1
LOVO,ABT-888.ZOLINZA,1
HCT116,METHOTREXATE.MK-8776,0
ES2,BEZ-235.MRK-003,1
LOVO,ERLOTINIB.VINBLASTINE,1
OCUBM,SN-38.SUNITINIB,1
SKMES1,SN-38.SORAFENIB,1
NCIH2122,ERLOTINIB.MITOMYCINE,0
T47D,MK-5108.OXALIPLATIN,0
NCIH1650,TOPOTECAN.ZOLINZA,1
NCIH1650,AZD1775.MITOMYCINE,1
MDAMB436,LAPATINIB.PACLITAXEL,1
NCIH2122,CYCLOPHOSPHAMIDE.ERLOTINIB,1
MSTO,MK-8776.OXALIPLATIN,0
MSTO,BORTEZOMIB.METFORMIN,1
MSTO,ABT-888.DEXAMETHASONE,0
SKOV3,LAPATINIB.MK-4827,1
VCAP,5-FU.GELDANAMYCIN,1
T47D,BEZ-235.MRK-003,0
HT144,SN-38.SORAFENIB,1
NCIH1650,L778123.LAPATINIB,1
HT144,ERLOTINIB.ETOPOSIDE,1
OCUBM,GELDANAMYCIN.MK-4541,1
RKO,AZD1775.MK-4541,1
NCIH520,METFORMIN.SORAFENIB,1
MSTO,CARBOPLATIN.MK-8776,1
UWB1289,TEMOZOLOMIDE.TOPOTECAN,1
RKO,DINACICLIB.TEMOZOLOMIDE,1
A2780,PACLITAXEL.ZOLINZA,0
SKMEL30,MK-2206.TOPOTECAN,1
PA1,PD325901.ZOLINZA,1
SW620,AZD1775.MITOMYCINE,1
MDAMB436,ETOPOSIDE.LAPATINIB,1
OVCAR3,MRK-003.VINBLASTINE,1
NCIH2122,MITOMYCINE.MK-5108,0
SKMES1,MK-2206.SN-38,1
PA1,5-FU.L778123,1
HT29,ABT-888.GEMCITABINE,0
HT144,METHOTREXATE.MK-5108,0
SKMES1,CARBOPLATIN.MK-2206,1
MDAMB436,DINACICLIB.MITOMYCINE,1
A427,MK-5108.VINBLASTINE,1
A2780,DASATINIB.DEXAMETHASONE,1
SKMEL30,ERLOTINIB.MRK-003,1
T47D,MK-5108.PD325901,1
VCAP,MK-8669.SORAFENIB,1
NCIH2122,PACLITAXEL.TEMOZOLOMIDE,0
T47D,ABT-888.ETOPOSIDE,1
A427,GEMCITABINE.TEMOZOLOMIDE,1
A2058,CYCLOPHOSPHAMIDE.L778123,1
MDAMB436,GELDANAMYCIN.L778123,1
UWB1289,ABT-888.TEMOZOLOMIDE,0
A427,BEZ-235.ERLOTINIB,1
UWB1289,AZD1775.SORAFENIB,0
LOVO,L778123.OXALIPLATIN,0
OV90,DASATINIB.VINBLASTINE,1
A2058,ETOPOSIDE.MK-4827,0
MDAMB436,GEMCITABINE.MK-4541,0
A375,MK-8776.PACLITAXEL,1
RKO,PD325901.SN-38,1
UWB1289,METFORMIN.MK-5108,1
A2058,LAPATINIB.SUNITINIB,1
MDAMB436,MK-4827.MK-5108,1
SKMES1,MK-8669.SN-38,1
OVCAR3,ETOPOSIDE.SUNITINIB,0
NCIH2122,MK-8669.PACLITAXEL,0
A375,SN-38.ZOLINZA,1
DLD1,MK-8669.TOPOTECAN,1
ES2,LAPATINIB.TOPOTECAN,1
A2058,MK-8669.TOPOTECAN,1
A375,CARBOPLATIN.MK-8776,1
OV90,DASATINIB.MRK-003,0
HT144,ETOPOSIDE.MK-2206,1
SKMES1,GEMCITABINE.MK-5108,1
VCAP,AZD1775.LAPATINIB,1
HT29,DINACICLIB.MRK-003,1
ES2,MK-5108.PACLITAXEL,1
A2780,LAPATINIB.ZOLINZA,1
UWB1289,BEZ-235.L778123,1
LOVO,PD325901.SN-38,0
T47D,5-FU.MK-4827,1
NCIH520,MK-4827.MK-8776,1
SKMEL30,MK-2206.TEMOZOLOMIDE,1
DLD1,AZD1775.TOPOTECAN,1
NCIH1650,DOXORUBICIN.MK-4541,1
OCUBM,ABT-888.MK-5108,1
SKOV3,METFORMIN.MRK-003,1
A427,DEXAMETHASONE.L778123,1
NCIH23,AZD1775.CARBOPLATIN,0
SKOV3,SUNITINIB.ZOLINZA,1
LOVO,DASATINIB.METFORMIN,0
OVCAR3,MK-4827.VINBLASTINE,1
NCIH2122,DINACICLIB.ERLOTINIB,1
HCT116,ERLOTINIB.MK-5108,1
NCIH23,BORTEZOMIB.VINBLASTINE,0
HT144,BEZ-235.VINBLASTINE,1
HCT116,MK-4827.PACLITAXEL,0
VCAP,DOXORUBICIN.MK-4827,1
NCIH520,CARBOPLATIN.MK-5108,0
VCAP,BEZ-235.ZOLINZA,1
NCIH2122,GEMCITABINE.MK-5108,1
RPMI7951,MK-4827.MK-5108,1
NCIH23,MK-2206.MK-5108,1
SW620,CYCLOPHOSPHAMIDE.GELDANAMYCIN,0
VCAP,DOXORUBICIN.SORAFENIB,0
HT29,AZD1775.CARBOPLATIN,1
UACC62,DEXAMETHASONE.MK-5108,1
UWB1289,PD325901.TOPOTECAN,1
UACC62,CARBOPLATIN.MK-8669,1
VCAP,DINACICLIB.MITOMYCINE,1
NCIH520,DINACICLIB.MRK-003,1
SW837,ABT-888.METFORMIN,0
HCT116,DASATINIB.TEMOZOLOMIDE,0
T47D,DINACICLIB.SN-38,0
HT144,BORTEZOMIB.DOXORUBICIN,1
RPMI7951,BEZ-235.MRK-003,1
VCAP,BEZ-235.PD325901,1
UWB1289,CYCLOPHOSPHAMIDE.PD325901,0
A375,MRK-003.SORAFENIB,1
SW620,ABT-888.MK-8669,1
VCAP,METHOTREXATE.TEMOZOLOMIDE,0
A427,GELDANAMYCIN.OXALIPLATIN,0
HCT116,MK-8669.ZOLINZA,1
A427,BEZ-235.CARBOPLATIN,1
RKO,MK-2206.TOPOTECAN,1
SKOV3,AZD1775.ETOPOSIDE,1
OCUBM,PD325901.SN-38,1
HT144,DINACICLIB.TEMOZOLOMIDE,0
SKOV3,MK-4541.TEMOZOLOMIDE,0
A427,CYCLOPHOSPHAMIDE.LAPATINIB,0
OV90,LAPATINIB.OXALIPLATIN,0
A2058,MK-8669.ZOLINZA,1
A375,ABT-888.LAPATINIB,0
OV90,ERLOTINIB.PD325901,1
SW620,ABT-888.BORTEZOMIB,1
LOVO,MITOMYCINE.TEMOZOLOMIDE,0
HT29,AZD1775.GELDANAMYCIN,0
HCT116,MK-4541.MK-5108,1
RPMI7951,5-FU.SUNITINIB,0
A427,MK-4541.MK-4827,0
UWB1289,DEXAMETHASONE.L778123,1
VCAP,5-FU.LAPATINIB,1
A2058,MK-2206.ZOLINZA,1
A375,BORTEZOMIB.PACLITAXEL,1
VCAP,DASATINIB.MK-2206,1
MDAMB436,ERLOTINIB.OXALIPLATIN,0
A2058,GEMCITABINE.SORAFENIB,0
NCIH520,PD325901.VINORELBINE,0
A2058,MK-8776.TOPOTECAN,1
OV90,MK-4541.SN-38,0
SKMEL30,MK-8776.VINBLASTINE,1
SW837,MK-8669.ZOLINZA,1
UACC62,GEMCITABINE.MK-2206,1
UACC62,DEXAMETHASONE.MK-4541,0
UWB1289,MK-5108.MK-8669,1
NCIH1650,BEZ-235.VINORELBINE,0
SW620,DASATINIB.ERLOTINIB,1
T47D,DASATINIB.MK-2206,1
A427,DASATINIB.ETOPOSIDE,1
NCIH2122,LAPATINIB.OXALIPLATIN,0
LOVO,CYCLOPHOSPHAMIDE.LAPATINIB,0
NCIH2122,MK-4541.TEMOZOLOMIDE,0
NCIH2122,PD325901.SORAFENIB,1
NCIH2122,MK-2206.SN-38,1
RKO,ETOPOSIDE.SORAFENIB,1
SKOV3,MK-4541.SUNITINIB,1
A2780,METHOTREXATE.MK-8669,0
HT144,BEZ-235.PD325901,1
HT29,AZD1775.MRK-003,1
RKO,MITOMYCINE.SUNITINIB,0
HCT116,AZD1775.MK-4541,1
HT144,MK-2206.TOPOTECAN,1
RPMI7951,ABT-888.LAPATINIB,0
ES2,L778123.PD325901,1
A427,BEZ-235.MK-5108,1
NCIH1650,MK-4541.TEMOZOLOMIDE,0
NCIH23,BEZ-235.PD325901,1
VCAP,MK-5108.SORAFENIB,0
T47D,BORTEZOMIB.L778123,0
SKMEL30,AZD1775.SN-38,1
UWB1289,DASATINIB.DEXAMETHASONE,1
VCAP,ABT-888.MK-5108,1
HT144,PACLITAXEL.SORAFENIB,1
ES2,ERLOTINIB.VINBLASTINE,1
SKMES1,GEMCITABINE.PD325901,1
NCIH520,DEXAMETHASONE.LAPATINIB,1
NCIH23,MK-5108.MK-8669,1
PA1,ERLOTINIB.GELDANAMYCIN,1
SW620,5-FU.TEMOZOLOMIDE,0
SKMES1,DINACICLIB.PACLITAXEL,0
NCIH2122,BORTEZOMIB.MRK-003,1
NCIH1650,CARBOPLATIN.SORAFENIB,0
SKOV3,METFORMIN.MK-2206,1
HT144,LAPATINIB.VINBLASTINE,1
A2058,ABT-888.PACLITAXEL,0
OV90,MK-4827.PD325901,0
T47D,AZD1775.MK-8669,1
MDAMB436,DOXORUBICIN.LAPATINIB,0
A2780,ETOPOSIDE.SUNITINIB,0
UWB1289,SUNITINIB.VINBLASTINE,1
OV90,AZD1775.ERLOTINIB,0
SKMES1,DINACICLIB.TEMOZOLOMIDE,0
RPMI7951,BORTEZOMIB.MK-5108,0
PA1,MK-8669.OXALIPLATIN,1
SW837,MK-4541.OXALIPLATIN,0
DLD1,ERLOTINIB.PACLITAXEL,1
RKO,LAPATINIB.PACLITAXEL,0
SKMES1,MK-5108.TOPOTECAN,0
RKO,MRK-003.ZOLINZA,1
UWB1289,LAPATINIB.MK-8669,1
HCT116,MK-4827.MK-8669,1
HT144,CYCLOPHOSPHAMIDE.SUNITINIB,1
A2780,5-FU.BEZ-235,1
A2780,ERLOTINIB.LAPATINIB,1
NCIH23,GELDANAMYCIN.OXALIPLATIN,0
UWB1289,DINACICLIB.PD325901,1
OVCAR3,DEXAMETHASONE.MK-4541,0
ES2,PD325901.ZOLINZA,1
NCIH2122,MK-5108.OXALIPLATIN,0
HT29,BEZ-235.MK-5108,1
NCIH520,BEZ-235.MK-5108,1
HT29,AZD1775.METFORMIN,1
HCT116,DINACICLIB.DOXORUBICIN,1
A2058,L778123.TEMOZOLOMIDE,1
ES2,DINACICLIB.ZOLINZA,0
A427,CYCLOPHOSPHAMIDE.DASATINIB,1
MDAMB436,DOXORUBICIN.ERLOTINIB,0
NCIH520,GELDANAMYCIN.VINORELBINE,0
HCT116,ERLOTINIB.ETOPOSIDE,1
SW837,METHOTREXATE.MK-8669,0
ES2,LAPATINIB.VINBLASTINE,1
A2058,MK-2206.MK-5108,1
LOVO,OXALIPLATIN.ZOLINZA,1
PA1,CARBOPLATIN.LAPATINIB,0
MSTO,5-FU.ERLOTINIB,1
T47D,BORTEZOMIB.VINORELBINE,0
OVCAR3,LAPATINIB.MK-4827,1
A2058,BORTEZOMIB.MITOMYCINE,1
SKMES1,BEZ-235.ERLOTINIB,1
PA1,MK-5108.MRK-003,1
NCIH2122,GEMCITABINE.SUNITINIB,0
SKOV3,AZD1775.MRK-003,1
UACC62,MITOMYCINE.ZOLINZA,1
SKMES1,LAPATINIB.MK-4541,1
A2780,SUNITINIB.ZOLINZA,0
SKOV3,5-FU.DINACICLIB,0
HCT116,DASATINIB.VINORELBINE,0
A375,DOXORUBICIN.MK-2206,1
MSTO,ABT-888.VINBLASTINE,0
SKOV3,L778123.SORAFENIB,1
RKO,GELDANAMYCIN.MITOMYCINE,1
A2058,ERLOTINIB.PACLITAXEL,0
OCUBM,5-FU.MK-5108,1
PA1,ERLOTINIB.MK-8776,1
NCIH23,DOXORUBICIN.LAPATINIB,1
UACC62,GELDANAMYCIN.TOPOTECAN,0
A427,BEZ-235.GELDANAMYCIN,1
VCAP,PD325901.SUNITINIB,1
RKO,OXALIPLATIN.ZOLINZA,1
ES2,ETOPOSIDE.MRK-003,1
NCIH2122,ETOPOSIDE.MK-8776,0
MDAMB436,ABT-888.MRK-003,1
A375,ETOPOSIDE.LAPATINIB,1
SKMEL30,DINACICLIB.METFORMIN,1
SKOV3,DASATINIB.ZOLINZA,1
A375,ABT-888.DINACICLIB,1
HT29,LAPATINIB.MK-4827,1
DLD1,GELDANAMYCIN.MK-5108,1
LOVO,DEXAMETHASONE.DINACICLIB,1
RPMI7951,MITOMYCINE.PD325901,0
SW837,MK-8776.PD325901,0
A2058,DASATINIB.VINBLASTINE,1
HCT116,LAPATINIB.SORAFENIB,1
MDAMB436,METHOTREXATE.MRK-003,0
A375,MK-8669.SUNITINIB,1
NCIH23,MK-4827.MRK-003,1
SKOV3,MK-4827.PACLITAXEL,0
LOVO,CYCLOPHOSPHAMIDE.MK-2206,1
UWB1289,AZD1775.TEMOZOLOMIDE,1
A2058,OXALIPLATIN.TEMOZOLOMIDE,0
RPMI7951,OXALIPLATIN.SUNITINIB,0
ES2,PD325901.SUNITINIB,1
HT29,DASATINIB.LAPATINIB,1
RKO,SUNITINIB.ZOLINZA,1
SW837,AZD1775.BEZ-235,1
PA1,DEXAMETHASONE.MK-5108,1
SKMES1,LAPATINIB.ZOLINZA,1
SKMES1,METHOTREXATE.MRK-003,0
SW837,DEXAMETHASONE.MK-4827,0
HT29,BEZ-235.MK-8669,1
LOVO,ETOPOSIDE.ZOLINZA,1
SKMES1,DINACICLIB.OXALIPLATIN,0
NCIH520,GELDANAMYCIN.TOPOTECAN,0
SKMES1,AZD1775.SUNITINIB,0
OV90,AZD1775.MRK-003,0
UACC62,MK-2206.MRK-003,1
OVCAR3,LAPATINIB.TEMOZOLOMIDE,1
SKMEL30,5-FU.GELDANAMYCIN,1
UWB1289,OXALIPLATIN.PD325901,0
UACC62,BORTEZOMIB.ZOLINZA,0
SW837,MK-8776.PACLITAXEL,0
NCIH23,CARBOPLATIN.ZOLINZA,0
A2058,PACLITAXEL.SORAFENIB,0
VCAP,BORTEZOMIB.TOPOTECAN,0
OVCAR3,5-FU.DASATINIB,1
NCIH520,ABT-888.SUNITINIB,1
HT29,BORTEZOMIB.GEMCITABINE,0
NCIH23,BEZ-235.MRK-003,1
T47D,MK-4541.SN-38,0
OVCAR3,ABT-888.DEXAMETHASONE,1
SW837,5-FU.MK-4541,0
HT29,L778123.MK-2206,1
VCAP,MK-2206.MK-8669,1
NCIH2122,ABT-888.MITOMYCINE,0
SKMEL30,METFORMIN.PD325901,0
UWB1289,ABT-888.MITOMYCINE,0
SKMEL30,L778123.PD325901,1
UWB1289,VINBLASTINE.ZOLINZA,1
NCIH520,DEXAMETHASONE.SORAFENIB,1
SKMES1,BORTEZOMIB.METFORMIN,0
HT29,MK-2206.OXALIPLATIN,1
SKOV3,GELDANAMYCIN.SN-38,0
RPMI7951,BEZ-235.ZOLINZA,1
OV90,BORTEZOMIB.MK-5108,0
SKOV3,MITOMYCINE.ZOLINZA,1
SKMEL30,DINACICLIB.MRK-003,1
A2058,DASATINIB.L778123,1
OVCAR3,DEXAMETHASONE.MK-4827,1
ES2,MK-8776.PACLITAXEL,1
NCIH2122,ERLOTINIB.GEMCITABINE,1
MDAMB436,BORTEZOMIB.CYCLOPHOSPHAMIDE,1
T47D,DASATINIB.ETOPOSIDE,1
OV90,BEZ-235.DINACICLIB,1
HCT116,MK-2206.SN-38,1
A375,DASATINIB.VINORELBINE,1
NCIH23,LAPATINIB.ZOLINZA,0
UWB1289,BEZ-235.VINORELBINE,1
SKMEL30,AZD1775.DASATINIB,0
NCIH23,MK-8669.ZOLINZA,1
HT144,MK-4541.VINORELBINE,0
ES2,MK-5108.MK-8776,1
LOVO,5-FU.MK-8669,1
SW837,L778123.TOPOTECAN,1
DLD1,PACLITAXEL.SUNITINIB,1
SKOV3,MITOMYCINE.MK-8776,1
HT144,AZD1775.DASATINIB,0
NCIH23,ERLOTINIB.ETOPOSIDE,0
SW620,MK-8776.ZOLINZA,1
VCAP,GELDANAMYCIN.METHOTREXATE,0
A2780,MITOMYCINE.MK-4827,1
HCT116,DEXAMETHASONE.PD325901,0
MSTO,MK-2206.TEMOZOLOMIDE,0
A2780,ABT-888.L778123,1
A427,ABT-888.AZD1775,1
NCIH23,BEZ-235.VINBLASTINE,0
NCIH520,ABT-888.VINORELBINE,0
LOVO,AZD1775.PACLITAXEL,1
ES2,MK-8776.SN-38,1
HT144,ERLOTINIB.LAPATINIB,1
UWB1289,AZD1775.MITOMYCINE,1
NCIH520,GELDANAMYCIN.MK-8776,1
A2058,GELDANAMYCIN.OXALIPLATIN,0
MDAMB436,ABT-888.METFORMIN,1
SKOV3,AZD1775.MK-4827,1
RPMI7951,MK-8669.MK-8776,1
NCIH2122,DINACICLIB.MK-4541,1
UWB1289,MK-4827.MK-5108,1
LOVO,GELDANAMYCIN.LAPATINIB,0
NCIH520,BORTEZOMIB.TEMOZOLOMIDE,0
SKMES1,BORTEZOMIB.OXALIPLATIN,0
NCIH520,GELDANAMYCIN.PD325901,0
NCIH23,GEMCITABINE.TEMOZOLOMIDE,1
A2780,ABT-888.BEZ-235,1
OV90,DEXAMETHASONE.LAPATINIB,0
MSTO,CYCLOPHOSPHAMIDE.MK-5108,0
HT144,5-FU.SORAFENIB,1
ES2,DASATINIB.VINORELBINE,1
RPMI7951,MK-8669.SN-38,1
HT144,MK-4827.VINORELBINE,0
A2058,ABT-888.SUNITINIB,1
A427,MK-8669.ZOLINZA,0
SW837,BEZ-235.PD325901,1
NCIH520,METFORMIN.MK-8776,0
MSTO,MK-4827.OXALIPLATIN,1
NCIH1650,BEZ-235.MK-4827,1
OV90,LAPATINIB.ZOLINZA,0
OV90,ABT-888.MK-8669,1
SKOV3,LAPATINIB.SN-38,1
NCIH1650,ERLOTINIB.TOPOTECAN,1
NCIH23,ETOPOSIDE.SUNITINIB,0
NCIH2122,ERLOTINIB.LAPATINIB,1
RKO,DOXORUBICIN.LAPATINIB,1
SKMES1,MK-4827.VINBLASTINE,1
NCIH23,PACLITAXEL.TEMOZOLOMIDE,0
OVCAR3,OXALIPLATIN.ZOLINZA,0
A2058,BEZ-235.METHOTREXATE,0
T47D,OXALIPLATIN.ZOLINZA,1
NCIH2122,L778123.MK-2206,1
OV90,ABT-888.ZOLINZA,0
SW620,ERLOTINIB.MK-8776,0
HT144,AZD1775.ERLOTINIB,1
OVCAR3,BEZ-235.DINACICLIB,1
HT29,BEZ-235.ZOLINZA,1
RPMI7951,MITOMYCINE.MK-8669,1
DLD1,MK-2206.MK-8669,1
SKMES1,ETOPOSIDE.TEMOZOLOMIDE,1
SW620,CYCLOPHOSPHAMIDE.ZOLINZA,1
SKMES1,DOXORUBICIN.MK-2206,1
LOVO,MK-4827.VINBLASTINE,1
RKO,AZD1775.DASATINIB,1
MSTO,BORTEZOMIB.DEXAMETHASONE,1
MSTO,DINACICLIB.ERLOTINIB,1
SW620,SORAFENIB.TOPOTECAN,1
SKOV3,ERLOTINIB.L778123,1
T47D,ETOPOSIDE.MK-4541,1
OV90,MK-4541.MK-8669,1
A427,PACLITAXEL.SORAFENIB,1
SKOV3,LAPATINIB.ZOLINZA,1
NCIH1650,BEZ-235.TOPOTECAN,1
RKO,CARBOPLATIN.L778123,1
PA1,MK-8669.SUNITINIB,1
NCIH2122,AZD1775.CARBOPLATIN,1
NCIH520,DASATINIB.MK-2206,1
MDAMB436,MK-4827.VINORELBINE,1
UWB1289,MK-4827.SORAFENIB,1
A375,PD325901.VINORELBINE,1
NCIH520,ETOPOSIDE.MK-4541,1
MSTO,ABT-888.PACLITAXEL,1
A2780,MK-2206.TEMOZOLOMIDE,1
UACC62,DASATINIB.GELDANAMYCIN,1
HT29,DOXORUBICIN.SORAFENIB,0
UACC62,MITOMYCINE.MK-4541,0
DLD1,PD325901.TOPOTECAN,1
UACC62,GELDANAMYCIN.OXALIPLATIN,0
UACC62,MK-8776.TEMOZOLOMIDE,1
DLD1,LAPATINIB.MK-5108,1
A2780,DINACICLIB.SORAFENIB,1
MDAMB436,MRK-003.SUNITINIB,1
NCIH1650,MK-4827.SORAFENIB,0
SKMEL30,ABT-888.BORTEZOMIB,0
PA1,LAPATINIB.MK-4541,1
NCIH2122,MK-4541.SUNITINIB,1
MDAMB436,AZD1775.MK-8776,1
ES2,MK-8776.SORAFENIB,1
MSTO,MK-2206.MK-8776,1
NCIH520,CYCLOPHOSPHAMIDE.LAPATINIB,1
UWB1289,DOXORUBICIN.L778123,1
UACC62,OXALIPLATIN.SORAFENIB,0
NCIH1650,ERLOTINIB.L778123,1
A375,AZD1775.DEXAMETHASONE,1
RPMI7951,BEZ-235.SORAFENIB,1
MSTO,AZD1775.BEZ-235,1
MDAMB436,GELDANAMYCIN.METHOTREXATE,1
DLD1,GELDANAMYCIN.MRK-003,1
HT144,L778123.MK-8669,1
HT29,DASATINIB.MRK-003,1
RKO,DINACICLIB.TOPOTECAN,0
A427,MK-4827.SUNITINIB,1
SW837,DASATINIB.MK-4541,1
SKMEL30,MITOMYCINE.SUNITINIB,0
T47D,ERLOTINIB.ETOPOSIDE,1
ES2,MK-4541.MK-4827,0
HT29,DASATINIB.VINBLASTINE,1
UACC62,MK-2206.MK-8669,1
RKO,ERLOTINIB.OXALIPLATIN,0
MSTO,MK-4541.MK-4827,0
SW620,CYCLOPHOSPHAMIDE.MK-8776,1
A2780,GEMCITABINE.MRK-003,1
MSTO,MK-8669.TOPOTECAN,1
HT29,ETOPOSIDE.ZOLINZA,1
HT29,DEXAMETHASONE.MK-8669,1
RPMI7951,MK-8776.VINORELBINE,0
UWB1289,DINACICLIB.PACLITAXEL,0
SKOV3,BORTEZOMIB.TOPOTECAN,0
SKMEL30,ABT-888.DOXORUBICIN,1
MDAMB436,GELDANAMYCIN.GEMCITABINE,1
UWB1289,GELDANAMYCIN.MITOMYCINE,1
RKO,ABT-888.MK-8776,1
HT29,AZD1775.BEZ-235,1
RPMI7951,ETOPOSIDE.ZOLINZA,1
SW837,AZD1775.MK-8776,1
NCIH1650,AZD1775.MK-2206,1
OV90,ABT-888.VINORELBINE,0
NCIH520,ABT-888.MRK-003,1
A2058,BORTEZOMIB.DASATINIB,1
T47D,CYCLOPHOSPHAMIDE.DASATINIB,0
SW620,DINACICLIB.VINORELBINE,1
LOVO,DOXORUBICIN.MK-8669,1
PA1,SORAFENIB.SUNITINIB,1
NCIH1650,DASATINIB.METHOTREXATE,1
SKMEL30,PD325901.VINORELBINE,0
NCIH520,MK-4541.SUNITINIB,1
NCIH23,GELDANAMYCIN.SUNITINIB,0
SKOV3,GELDANAMYCIN.SORAFENIB,0
MDAMB436,DEXAMETHASONE.TEMOZOLOMIDE,0
UACC62,AZD1775.MK-8669,1
A2780,DINACICLIB.METFORMIN,1
A375,SUNITINIB.TEMOZOLOMIDE,1
HT144,ERLOTINIB.MK-8669,1
NCIH2122,LAPATINIB.TOPOTECAN,1
SKMES1,ABT-888.BEZ-235,1
SKMEL30,GELDANAMYCIN.SUNITINIB,1
OVCAR3,MK-8776.PD325901,1
ES2,L778123.SN-38,1
SKOV3,ERLOTINIB.VINBLASTINE,1
VCAP,MK-4541.PD325901,1
A2058,AZD1775.DOXORUBICIN,1
MDAMB436,MK-4541.MK-4827,1
A427,DASATINIB.SORAFENIB,1
OVCAR3,ETOPOSIDE.MK-2206,1
UWB1289,DASATINIB.MK-4541,1
DLD1,DEXAMETHASONE.ZOLINZA,1
A2780,OXALIPLATIN.SUNITINIB,0
ES2,BEZ-235.VINBLASTINE,1
UACC62,PD325901.VINBLASTINE,0
RKO,METHOTREXATE.MK-4541,0
A2058,ETOPOSIDE.MK-8669,1
LOVO,DASATINIB.PACLITAXEL,1
OV90,ERLOTINIB.MITOMYCINE,0
SW837,SN-38.ZOLINZA,1
LOVO,L778123.MK-8776,1
A2058,BEZ-235.DASATINIB,1
MDAMB436,MRK-003.TEMOZOLOMIDE,0
T47D,ABT-888.BEZ-235,0
SW837,MRK-003.PD325901,1
A2058,DASATINIB.METFORMIN,1
SKMEL30,DOXORUBICIN.SUNITINIB,0
SKMES1,ABT-888.TEMOZOLOMIDE,1
SKMES1,BEZ-235.MK-8669,1
ES2,MK-4827.MRK-003,0
DLD1,GEMCITABINE.ZOLINZA,0
RKO,PD325901.SUNITINIB,1
A2780,L778123.OXALIPLATIN,1
SW620,ABT-888.GELDANAMYCIN,0
OV90,AZD1775.VINORELBINE,1
HT144,CYCLOPHOSPHAMIDE.GELDANAMYCIN,0
HCT116,BEZ-235.MK-4827,1
DLD1,BEZ-235.SORAFENIB,1
UACC62,L778123.OXALIPLATIN,0
VCAP,ERLOTINIB.MK-2206,1
RPMI7951,ABT-888.VINBLASTINE,0
HT29,MK-5108.SUNITINIB,1
RKO,MK-5108.SN-38,1
VCAP,CYCLOPHOSPHAMIDE.ERLOTINIB,1
T47D,DASATINIB.METFORMIN,0
NCIH2122,METFORMIN.PD325901,0
HCT116,CYCLOPHOSPHAMIDE.ERLOTINIB,1
MDAMB436,LAPATINIB.MK-8669,1
VCAP,DINACICLIB.MK-8669,1
LOVO,MK-4827.VINORELBINE,0
HT144,L778123.ZOLINZA,1
NCIH520,BEZ-235.PACLITAXEL,0
VCAP,GEMCITABINE.MK-8669,1
UWB1289,DASATINIB.DOXORUBICIN,1
SKMES1,BORTEZOMIB.MRK-003,0
A427,SUNITINIB.TEMOZOLOMIDE,1
ES2,BEZ-235.TEMOZOLOMIDE,1
A2780,AZD1775.SN-38,1
OVCAR3,MK-4541.TEMOZOLOMIDE,0
SKMEL30,GELDANAMYCIN.PACLITAXEL,0
OVCAR3,BEZ-235.TOPOTECAN,1
NCIH23,ETOPOSIDE.L778123,1
SKMEL30,DASATINIB.MK-4541,0
RPMI7951,BEZ-235.VINBLASTINE,1
NCIH2122,5-FU.PD325901,1
RKO,METHOTREXATE.SUNITINIB,1
DLD1,MITOMYCINE.MRK-003,0
T47D,AZD1775.GELDANAMYCIN,0
OVCAR3,AZD1775.ETOPOSIDE,1
SW620,SUNITINIB.TOPOTECAN,1
UWB1289,PACLITAXEL.TEMOZOLOMIDE,0
NCIH2122,L778123.VINBLASTINE,1
HCT116,DASATINIB.ETOPOSIDE,1
MSTO,DINACICLIB.DOXORUBICIN,0
LOVO,METHOTREXATE.PD325901,0
NCIH23,MK-8669.TOPOTECAN,1
SW837,AZD1775.ZOLINZA,1
SW620,AZD1775.MK-8669,1
UACC62,BORTEZOMIB.MK-4541,0
SKOV3,LAPATINIB.MK-4541,1
DLD1,PD325901.SUNITINIB,1
A2058,5-FU.L778123,1
NCIH520,MRK-003.VINORELBINE,0
SKOV3,PACLITAXEL.SUNITINIB,1
UWB1289,SN-38.SUNITINIB,1
HCT116,CARBOPLATIN.MK-5108,1
UACC62,MK-8669.TOPOTECAN,1
ES2,AZD1775.MRK-003,0
RKO,ETOPOSIDE.PD325901,1
A2780,ABT-888.PD325901,1
A2058,AZD1775.SORAFENIB,0
NCIH520,5-FU.ZOLINZA,0
NCIH2122,CARBOPLATIN.ZOLINZA,1
A375,MK-8776.ZOLINZA,1
A375,AZD1775.BEZ-235,1
A2058,GELDANAMYCIN.MITOMYCINE,0
NCIH2122,PACLITAXEL.PD325901,0
T47D,BORTEZOMIB.TOPOTECAN,0
OVCAR3,AZD1775.TEMOZOLOMIDE,1
MDAMB436,PD325901.SN-38,1
HT144,ERLOTINIB.MK-4541,0
NCIH520,MK-2206.MK-8776,1
NCIH2122,PACLITAXEL.ZOLINZA,0
DLD1,GELDANAMYCIN.METHOTREXATE,0
RKO,MITOMYCINE.MK-2206,1
NCIH520,OXALIPLATIN.ZOLINZA,0
A427,AZD1775.MITOMYCINE,1
OV90,GEMCITABINE.MK-4827,1
A2058,DASATINIB.ETOPOSIDE,1
A375,MK-5108.MRK-003,1
SKOV3,GELDANAMYCIN.MK-8669,1
OVCAR3,CARBOPLATIN.MRK-003,0
NCIH23,ETOPOSIDE.MK-8669,0
OV90,METFORMIN.MK-2206,1
SKMEL30,BEZ-235.GEMCITABINE,1
RPMI7951,ABT-888.PACLITAXEL,0
NCIH2122,DOXORUBICIN.SORAFENIB,0
UACC62,ABT-888.CARBOPLATIN,0
HT144,BEZ-235.PACLITAXEL,1
SKMES1,ABT-888.ERLOTINIB,1
NCIH2122,MK-8669.SN-38,1
A2780,DOXORUBICIN.GELDANAMYCIN,0
OV90,BORTEZOMIB.MK-4827,0
UACC62,MK-2206.PACLITAXEL,1
OV90,AZD1775.DOXORUBICIN,0
OV90,DINACICLIB.MRK-003,0
LOVO,AZD1775.PD325901,1
HCT116,DASATINIB.MK-4827,0
DLD1,MRK-003.PACLITAXEL,1
UWB1289,5-FU.BEZ-235,1
VCAP,DEXAMETHASONE.SUNITINIB,1
UACC62,ERLOTINIB.LAPATINIB,1
UACC62,AZD1775.DEXAMETHASONE,1
MDAMB436,BEZ-235.MRK-003,1
UACC62,DINACICLIB.GELDANAMYCIN,1
SW837,BEZ-235.SORAFENIB,1
RKO,ABT-888.SN-38,1
RKO,DINACICLIB.MK-4827,1
NCIH1650,MK-4827.VINORELBINE,0
RKO,ERLOTINIB.SN-38,1
RKO,MK-4541.MK-8669,1
NCIH2122,DEXAMETHASONE.SORAFENIB,1
A2058,PACLITAXEL.SUNITINIB,0
DLD1,DOXORUBICIN.MK-4541,1
UACC62,DEXAMETHASONE.GELDANAMYCIN,0
OVCAR3,5-FU.MK-5108,1
PA1,MK-2206.SUNITINIB,1
NCIH1650,BEZ-235.MRK-003,1
OCUBM,GELDANAMYCIN.OXALIPLATIN,1
MSTO,ABT-888.METHOTREXATE,0
A375,ERLOTINIB.OXALIPLATIN,0
DLD1,ERLOTINIB.VINBLASTINE,1
HT144,BORTEZOMIB.VINORELBINE,1
A2780,MK-2206.MK-4541,1
DLD1,ABT-888.GELDANAMYCIN,1
RPMI7951,ERLOTINIB.LAPATINIB,0
VCAP,DINACICLIB.ZOLINZA,0
OVCAR3,ABT-888.MK-8776,1
SW837,BEZ-235.TEMOZOLOMIDE,1
SW837,METFORMIN.MK-4827,0
RKO,MK-4827.OXALIPLATIN,1
SW620,BEZ-235.ERLOTINIB,1
NCIH520,BEZ-235.SUNITINIB,1
SW837,BEZ-235.MK-4827,1
A375,DINACICLIB.SORAFENIB,1
RPMI7951,MK-4827.TEMOZOLOMIDE,1
OVCAR3,CARBOPLATIN.MK-4541,0
SW620,ERLOTINIB.VINORELBINE,1
NCIH520,SORAFENIB.ZOLINZA,0
NCIH23,BEZ-235.DOXORUBICIN,0
SKMEL30,BEZ-235.OXALIPLATIN,1
NCIH1650,LAPATINIB.METFORMIN,0
A427,BEZ-235.MK-8776,1
DLD1,ETOPOSIDE.MK-8776,1
NCIH1650,DASATINIB.MK-2206,1
SW837,DEXAMETHASONE.ERLOTINIB,1
A375,DASATINIB.SORAFENIB,1
SKOV3,MK-5108.TEMOZOLOMIDE,1
SW837,5-FU.MK-5108,1
NCIH2122,ERLOTINIB.PACLITAXEL,0
A427,MK-4541.SN-38,0
OCUBM,DASATINIB.MK-5108,1
PA1,ABT-888.VINORELBINE,0
A2058,CARBOPLATIN.PD325901,1
SKMES1,AZD1775.CYCLOPHOSPHAMIDE,1
LOVO,L778123.SUNITINIB,1
UWB1289,DINACICLIB.MRK-003,1
VCAP,BEZ-235.DASATINIB,1
A2780,DEXAMETHASONE.L778123,1
A427,MITOMYCINE.MRK-003,1
A375,MK-2206.TOPOTECAN,1
RPMI7951,MK-4827.OXALIPLATIN,0
NCIH520,DOXORUBICIN.L778123,0
DLD1,DASATINIB.MK-4827,1
A2058,BEZ-235.GEMCITABINE,1
RPMI7951,CARBOPLATIN.DASATINIB,1
NCIH23,AZD1775.VINORELBINE,0
SW620,PD325901.VINBLASTINE,1
NCIH1650,CYCLOPHOSPHAMIDE.DASATINIB,1
MDAMB436,MK-5108.OXALIPLATIN,0
UACC62,BORTEZOMIB.LAPATINIB,0
DLD1,CYCLOPHOSPHAMIDE.GELDANAMYCIN,1
PA1,ABT-888.L778123,1
SW837,OXALIPLATIN.PD325901,0
HCT116,ETOPOSIDE.MK-8669,1
RPMI7951,CYCLOPHOSPHAMIDE.LAPATINIB,0
ES2,SORAFENIB.SUNITINIB,1
SW837,CYCLOPHOSPHAMIDE.L778123,1
A427,LAPATINIB.OXALIPLATIN,0
OVCAR3,MITOMYCINE.MK-4827,1
RKO,MK-2206.VINORELBINE,1
RPMI7951,VINORELBINE.ZOLINZA,0
A427,DINACICLIB.GEMCITABINE,1
RPMI7951,BORTEZOMIB.MK-8669,0
HT29,L778123.TOPOTECAN,1
SW837,SUNITINIB.VINORELBINE,1
UWB1289,ABT-888.OXALIPLATIN,0
OCUBM,DINACICLIB.SUNITINIB,1
VCAP,DASATINIB.MK-5108,1
RKO,DINACICLIB.MRK-003,1
NCIH520,MITOMYCINE.MK-8776,1
VCAP,CYCLOPHOSPHAMIDE.MK-8776,1
T47D,BORTEZOMIB.MITOMYCINE,0
RPMI7951,LAPATINIB.MK-5108,1
SW620,BEZ-235.PD325901,1
A375,ABT-888.BEZ-235,1
A2780,AZD1775.TEMOZOLOMIDE,1
NCIH1650,AZD1775.GEMCITABINE,0
A2780,MK-4827.OXALIPLATIN,0
DLD1,ERLOTINIB.METHOTREXATE,0
VCAP,ERLOTINIB.GEMCITABINE,1
RPMI7951,DASATINIB.LAPATINIB,1
SKOV3,DINACICLIB.ETOPOSIDE,0
UACC62,GELDANAMYCIN.MK-8669,1
SKMES1,AZD1775.MK-8669,1
SW620,LAPATINIB.OXALIPLATIN,0
OVCAR3,METFORMIN.PD325901,1
A375,5-FU.MK-8776,1
NCIH520,MK-4827.OXALIPLATIN,0
HT144,AZD1775.L778123,1
SW620,MRK-003.SN-38,0
VCAP,MITOMYCINE.SORAFENIB,0
NCIH1650,ERLOTINIB.PD325901,1
T47D,MK-4827.MK-5108,1
OV90,BORTEZOMIB.MITOMYCINE,0
HT29,MK-4541.SN-38,1
A427,LAPATINIB.SN-38,0
OCUBM,DASATINIB.ERLOTINIB,1
HT144,ETOPOSIDE.ZOLINZA,1
NCIH2122,DEXAMETHASONE.MK-2206,1
UACC62,MK-5108.PACLITAXEL,1
T47D,CARBOPLATIN.MK-5108,1
NCIH2122,MK-8669.VINBLASTINE,0
A427,GELDANAMYCIN.PACLITAXEL,0
DLD1,AZD1775.MK-8776,1
RKO,CYCLOPHOSPHAMIDE.PD325901,1
UWB1289,GEMCITABINE.SORAFENIB,0
DLD1,TEMOZOLOMIDE.ZOLINZA,1
RPMI7951,5-FU.AZD1775,1
NCIH2122,CYCLOPHOSPHAMIDE.MK-4541,1
LOVO,SORAFENIB.TOPOTECAN,0
LOVO,BEZ-235.TEMOZOLOMIDE,1
UACC62,DINACICLIB.SUNITINIB,1
VCAP,ABT-888.ZOLINZA,1
VCAP,BEZ-235.DOXORUBICIN,1
RKO,TOPOTECAN.ZOLINZA,0
ES2,DASATINIB.TOPOTECAN,1
DLD1,SORAFENIB.TEMOZOLOMIDE,1
HT29,DINACICLIB.MK-4541,1
OCUBM,OXALIPLATIN.ZOLINZA,1
OCUBM,GELDANAMYCIN.LAPATINIB,1
OV90,LAPATINIB.METHOTREXATE,0
NCIH23,ERLOTINIB.OXALIPLATIN,0
HCT116,L778123.MITOMYCINE,0
SKOV3,ETOPOSIDE.MK-4827,1
A2058,SORAFENIB.VINBLASTINE,1
SKMES1,AZD1775.METHOTREXATE,0
A2058,MK-4827.SORAFENIB,0
NCIH520,MK-4541.PD325901,1
ES2,OXALIPLATIN.TEMOZOLOMIDE,0
HT29,METHOTREXATE.MK-8776,0
VCAP,MRK-003.SN-38,1
DLD1,L778123.OXALIPLATIN,0
MSTO,MITOMYCINE.MK-5108,0
A2058,BEZ-235.SN-38,1
A375,ABT-888.SUNITINIB,1
RPMI7951,5-FU.MK-8776,1
MSTO,GELDANAMYCIN.PACLITAXEL,0
UWB1289,DINACICLIB.MK-2206,1
DLD1,DASATINIB.MRK-003,1
RKO,MK-8669.SORAFENIB,1
NCIH520,MRK-003.OXALIPLATIN,0
A427,CYCLOPHOSPHAMIDE.GELDANAMYCIN,1
DLD1,BORTEZOMIB.MK-8776,1
UWB1289,MK-8669.MRK-003,1
SKMEL30,DINACICLIB.METHOTREXATE,0
A2058,L778123.MK-5108,1
OV90,ABT-888.SORAFENIB,1
OCUBM,BORTEZOMIB.DINACICLIB,0
NCIH520,GELDANAMYCIN.TEMOZOLOMIDE,1
RKO,AZD1775.PD325901,1
UWB1289,L778123.METHOTREXATE,1
HCT116,BEZ-235.MK-8776,1
SW837,MK-4827.ZOLINZA,1
DLD1,MK-5108.SUNITINIB,1
NCIH2122,SORAFENIB.ZOLINZA,1
ES2,BEZ-235.MK-8669,1
LOVO,CYCLOPHOSPHAMIDE.MK-8669,1
RPMI7951,MRK-003.VINBLASTINE,1
RKO,GELDANAMYCIN.VINBLASTINE,1
OVCAR3,DOXORUBICIN.MK-2206,1
NCIH520,AZD1775.ZOLINZA,1
SW837,BORTEZOMIB.ERLOTINIB,1
ES2,CARBOPLATIN.MK-4541,1
HT144,AZD1775.METFORMIN,1
VCAP,ABT-888.VINORELBINE,0
A2058,METHOTREXATE.ZOLINZA,0
SW837,ERLOTINIB.PD325901,1
VCAP,LAPATINIB.MK-4827,1
A375,GELDANAMYCIN.VINBLASTINE,1
OCUBM,5-FU.ERLOTINIB,1
NCIH23,AZD1775.MK-5108,0
SKMEL30,ABT-888.TEMOZOLOMIDE,1
HT144,DEXAMETHASONE.TEMOZOLOMIDE,0
A2780,MK-4827.ZOLINZA,1
NCIH2122,AZD1775.MK-5108,0
RKO,MK-4541.MRK-003,1
SKMEL30,OXALIPLATIN.SORAFENIB,0
SKOV3,MK-5108.MK-8669,1
UWB1289,GEMCITABINE.LAPATINIB,1
OVCAR3,BORTEZOMIB.MK-8669,0
VCAP,MRK-003.VINORELBINE,0
HT29,MK-4827.MK-5108,1
RPMI7951,DEXAMETHASONE.MK-2206,1
SKOV3,SUNITINIB.VINORELBINE,1
ES2,BORTEZOMIB.TOPOTECAN,0
A375,METFORMIN.MRK-003,1
A375,CYCLOPHOSPHAMIDE.MK-2206,1
RKO,ETOPOSIDE.MK-4541,1
VCAP,BORTEZOMIB.DOXORUBICIN,0
MSTO,LAPATINIB.MITOMYCINE,1
LOVO,ABT-888.VINORELBINE,0
PA1,AZD1775.GELDANAMYCIN,1
A2058,MITOMYCINE.TEMOZOLOMIDE,0
A2780,CYCLOPHOSPHAMIDE.DINACICLIB,1
SKMES1,5-FU.BEZ-235,1
HCT116,METFORMIN.PD325901,0
HT144,TEMOZOLOMIDE.VINBLASTINE,0
NCIH23,METHOTREXATE.SORAFENIB,0
SKMEL30,BEZ-235.MK-8669,1
RKO,DOXORUBICIN.PD325901,1
UACC62,DASATINIB.SN-38,1
A427,DINACICLIB.MRK-003,1
NCIH2122,DOXORUBICIN.MK-4827,0
A375,MK-5108.PACLITAXEL,1
A375,METFORMIN.SORAFENIB,1
SW620,CARBOPLATIN.MRK-003,0
LOVO,MK-4827.MK-5108,1
A427,MK-5108.MK-8669,1
HCT116,ABT-888.BORTEZOMIB,1
NCIH2122,MK-8776.VINORELBINE,0
UACC62,LAPATINIB.MITOMYCINE,1
NCIH520,DASATINIB.TOPOTECAN,1
UACC62,LAPATINIB.PACLITAXEL,1
UWB1289,MK-4827.MK-8669,1
SKMES1,5-FU.MK-8776,1
SW620,MK-2206.VINBLASTINE,1
A2058,CYCLOPHOSPHAMIDE.ZOLINZA,0
T47D,BEZ-235.L778123,1
A2058,METHOTREXATE.MK-8669,1
NCIH23,AZD1775.L778123,1
A375,CYCLOPHOSPHAMIDE.ERLOTINIB,1
SW620,MK-2206.SUNITINIB,1
LOVO,BEZ-235.TOPOTECAN,1
SKOV3,BORTEZOMIB.MK-8776,1
SKMEL30,LAPATINIB.MK-8776,1
OVCAR3,BEZ-235.MK-8776,1
MDAMB436,MITOMYCINE.TEMOZOLOMIDE,0
HT144,CARBOPLATIN.DINACICLIB,0
MDAMB436,MK-2206.OXALIPLATIN,1
MSTO,5-FU.BORTEZOMIB,1
SKOV3,GELDANAMYCIN.MITOMYCINE,0
HT29,CARBOPLATIN.SORAFENIB,0
A2058,MK-4827.MK-8776,1
NCIH23,DEXAMETHASONE.DINACICLIB,1
A375,DASATINIB.GEMCITABINE,1
SKMEL30,AZD1775.DINACICLIB,1
ES2,CARBOPLATIN.SORAFENIB,0
UWB1289,GEMCITABINE.MK-8669,1
HT144,BEZ-235.DEXAMETHASONE,0
MDAMB436,DASATINIB.SN-38,1
A427,BEZ-235.LAPATINIB,1
ES2,BORTEZOMIB.GELDANAMYCIN,0
ES2,ETOPOSIDE.MK-4541,1
A2780,BORTEZOMIB.SUNITINIB,0
OCUBM,AZD1775.L778123,1
SW620,DEXAMETHASONE.MK-8669,1
NCIH23,OXALIPLATIN.ZOLINZA,0
HT29,DINACICLIB.MK-2206,1
PA1,MK-5108.VINBLASTINE,1
A2780,DEXAMETHASONE.DINACICLIB,1
SW620,MK-5108.VINORELBINE,0
LOVO,BEZ-235.GEMCITABINE,1
OV90,SORAFENIB.TOPOTECAN,0
HCT116,AZD1775.OXALIPLATIN,1
UWB1289,DINACICLIB.LAPATINIB,1
SKMEL30,L778123.MRK-003,1
PA1,CYCLOPHOSPHAMIDE.SUNITINIB,1
SKOV3,MITOMYCINE.MK-2206,1
A2780,DASATINIB.DOXORUBICIN,1
OV90,BEZ-235.PACLITAXEL,1
A375,GELDANAMYCIN.PD325901,1
NCIH2122,GELDANAMYCIN.PACLITAXEL,0
HCT116,LAPATINIB.MK-8669,1
OVCAR3,GEMCITABINE.MK-8669,0
UWB1289,ABT-888.DASATINIB,1
A427,AZD1775.OXALIPLATIN,0
DLD1,ABT-888.VINBLASTINE,1
OVCAR3,MITOMYCINE.MK-5108,0
SW837,ETOPOSIDE.MK-5108,1
DLD1,DASATINIB.MK-5108,1
A2058,GELDANAMYCIN.SORAFENIB,0
LOVO,ABT-888.MITOMYCINE,1
NCIH23,SUNITINIB.TOPOTECAN,0
SKMES1,MITOMYCINE.TEMOZOLOMIDE,0
SKMES1,ABT-888.BORTEZOMIB,0
HT29,DINACICLIB.METHOTREXATE,0
VCAP,ABT-888.GEMCITABINE,1
PA1,AZD1775.DOXORUBICIN,1
SKMEL30,L778123.ZOLINZA,1
A375,ERLOTINIB.MRK-003,1
UACC62,DASATINIB.L778123,1
LOVO,GEMCITABINE.LAPATINIB,1
VCAP,PD325901.TOPOTECAN,1
ES2,5-FU.BEZ-235,1
T47D,DOXORUBICIN.MK-8669,1
DLD1,CYCLOPHOSPHAMIDE.MK-4541,0
LOVO,ERLOTINIB.GEMCITABINE,1
PA1,ERLOTINIB.SN-38,1
UWB1289,AZD1775.MK-4827,1
MSTO,5-FU.DASATINIB,1
A427,GEMCITABINE.MK-8669,1
OV90,ABT-888.MRK-003,0
PA1,MK-8776.ZOLINZA,1
A2780,BORTEZOMIB.GELDANAMYCIN,0
A2780,DOXORUBICIN.MK-4827,1
NCIH23,MK-4541.TEMOZOLOMIDE,0
RKO,BORTEZOMIB.SN-38,1
VCAP,BEZ-235.PACLITAXEL,0
HCT116,SORAFENIB.SUNITINIB,1
VCAP,AZD1775.GEMCITABINE,1
OVCAR3,DINACICLIB.PD325901,1
A375,BORTEZOMIB.CYCLOPHOSPHAMIDE,1
UWB1289,CYCLOPHOSPHAMIDE.MK-4827,0
NCIH23,METFORMIN.ZOLINZA,0
A375,AZD1775.METHOTREXATE,0
MSTO,BEZ-235.MRK-003,1
HT29,BORTEZOMIB.LAPATINIB,0
SKMES1,BEZ-235.METFORMIN,1
OCUBM,ABT-888.GELDANAMYCIN,1
UWB1289,MK-4827.MRK-003,1
UACC62,ETOPOSIDE.LAPATINIB,1
UWB1289,DINACICLIB.VINORELBINE,0
SKOV3,DASATINIB.ETOPOSIDE,1
NCIH1650,L778123.SUNITINIB,1
SKMEL30,ERLOTINIB.ETOPOSIDE,1
NCIH2122,DINACICLIB.VINBLASTINE,0
OCUBM,DOXORUBICIN.MK-5108,0
SKOV3,LAPATINIB.MK-8776,1
UWB1289,BEZ-235.VINBLASTINE,1
UACC62,MITOMYCINE.MRK-003,0
A2058,BEZ-235.MK-5108,1
A2058,ETOPOSIDE.PD325901,0
ES2,ABT-888.OXALIPLATIN,0
MDAMB436,DINACICLIB.ZOLINZA,1
NCIH2122,CARBOPLATIN.MK-4827,1
A2058,DOXORUBICIN.SUNITINIB,0
MDAMB436,BEZ-235.OXALIPLATIN,1
DLD1,AZD1775.ETOPOSIDE,1
A375,GEMCITABINE.MK-4827,1
VCAP,CARBOPLATIN.DINACICLIB,1
A2780,GELDANAMYCIN.TOPOTECAN,0
HT29,METFORMIN.MK-4827,1
A427,AZD1775.LAPATINIB,0
T47D,PD325901.ZOLINZA,1
ES2,GELDANAMYCIN.GEMCITABINE,1
A427,GELDANAMYCIN.ZOLINZA,0
VCAP,MK-5108.SUNITINIB,1
SW837,LAPATINIB.PD325901,1
PA1,DEXAMETHASONE.PD325901,1
A375,DOXORUBICIN.ZOLINZA,1
MSTO,L778123.METHOTREXATE,0
OV90,AZD1775.DEXAMETHASONE,0
HCT116,ERLOTINIB.L778123,1
PA1,MITOMYCINE.SORAFENIB,0
A2058,GEMCITABINE.MK-2206,1
SKMEL30,GEMCITABINE.TEMOZOLOMIDE,1
VCAP,BORTEZOMIB.MK-5108,0
MDAMB436,MK-4827.TOPOTECAN,1
MDAMB436,BORTEZOMIB.SUNITINIB,0
LOVO,5-FU.MK-4827,0
ES2,5-FU.ZOLINZA,1
NCIH2122,MK-4827.TOPOTECAN,0
VCAP,METFORMIN.ZOLINZA,1
NCIH23,GEMCITABINE.PD325901,1
RPMI7951,L778123.MK-8669,1
A375,DOXORUBICIN.MK-8776,1
HT29,5-FU.TEMOZOLOMIDE,0
RKO,LAPATINIB.VINBLASTINE,1
DLD1,ERLOTINIB.METFORMIN,1
A2780,AZD1775.OXALIPLATIN,0
ES2,ERLOTINIB.MK-8776,1
A2058,DASATINIB.MK-4827,1
OVCAR3,BEZ-235.PD325901,1
HCT116,OXALIPLATIN.ZOLINZA,1
LOVO,ABT-888.SN-38,1
A375,DASATINIB.GELDANAMYCIN,1
UACC62,ABT-888.LAPATINIB,0
MSTO,L778123.SN-38,1
A2780,L778123.MK-4827,1
HT29,TEMOZOLOMIDE.VINBLASTINE,0
A375,DINACICLIB.DOXORUBICIN,1
SKMEL30,LAPATINIB.METHOTREXATE,0
A2780,MK-5108.TOPOTECAN,1
OVCAR3,MK-2206.MK-5108,1
NCIH1650,MITOMYCINE.PD325901,0
MSTO,ERLOTINIB.MK-2206,1
NCIH520,GELDANAMYCIN.MITOMYCINE,0
HCT116,DOXORUBICIN.ERLOTINIB,1
ES2,MK-8669.SORAFENIB,1
SW837,ABT-888.VINBLASTINE,0
PA1,MK-8669.VINORELBINE,0
PA1,LAPATINIB.MK-2206,1
PA1,ABT-888.DASATINIB,1
UACC62,MK-8776.PD325901,0
HCT116,L778123.MK-8776,1
A2780,MITOMYCINE.MK-4541,0
ES2,AZD1775.GEMCITABINE,1
SKMEL30,MRK-003.VINORELBINE,1
A2780,ETOPOSIDE.ZOLINZA,1
A427,MITOMYCINE.ZOLINZA,0
NCIH520,L778123.MK-2206,1
SW620,MK-5108.SN-38,1
NCIH520,ERLOTINIB.PD325901,1
NCIH23,BORTEZOMIB.DASATINIB,1
OVCAR3,DINACICLIB.SN-38,1
A2058,MK-4541.MK-5108,1
SKMEL30,LAPATINIB.MK-8669,1
NCIH2122,METHOTREXATE.TEMOZOLOMIDE,0
SKMEL30,DEXAMETHASONE.DINACICLIB,1
T47D,GELDANAMYCIN.OXALIPLATIN,0
HT144,CYCLOPHOSPHAMIDE.MK-8669,1
LOVO,AZD1775.VINORELBINE,0
NCIH23,L778123.OXALIPLATIN,1
ES2,ABT-888.SN-38,1
VCAP,METHOTREXATE.ZOLINZA,0
PA1,DINACICLIB.PD325901,1
A2058,ETOPOSIDE.MK-4541,0
NCIH1650,CYCLOPHOSPHAMIDE.MK-4541,0
SW620,DOXORUBICIN.ERLOTINIB,1
ES2,SUNITINIB.VINBLASTINE,1
UACC62,GELDANAMYCIN.METHOTREXATE,0
UACC62,GEMCITABINE.SORAFENIB,1
NCIH1650,GELDANAMYCIN.OXALIPLATIN,0
RPMI7951,MK-5108.VINORELBINE,0
PA1,MK-4541.MK-5108,1
HT144,PD325901.VINORELBINE,1
ES2,DASATINIB.ZOLINZA,1
SKOV3,MK-8669.OXALIPLATIN,1
VCAP,BEZ-235.OXALIPLATIN,1
VCAP,MK-2206.VINBLASTINE,0
NCIH2122,DEXAMETHASONE.MK-4541,1
SKMEL30,MK-4827.OXALIPLATIN,1
NCIH23,BEZ-235.MK-4827,0
VCAP,L778123.PACLITAXEL,0
A2058,5-FU.MK-8776,1
HT144,MK-2206.SN-38,1
ES2,DINACICLIB.MK-4541,1
MDAMB436,DEXAMETHASONE.MK-2206,1
ES2,DASATINIB.ETOPOSIDE,1
SW837,LAPATINIB.SN-38,1
A2780,CYCLOPHOSPHAMIDE.L778123,1
LOVO,SN-38.ZOLINZA,1
A375,MK-5108.TEMOZOLOMIDE,1
UACC62,ERLOTINIB.MITOMYCINE,0
SKMES1,SORAFENIB.TOPOTECAN,0
HT29,DINACICLIB.METFORMIN,1
UWB1289,AZD1775.MK-2206,1
MDAMB436,MRK-003.ZOLINZA,1
ES2,L778123.METFORMIN,0
NCIH520,GEMCITABINE.SUNITINIB,0
MDAMB436,CYCLOPHOSPHAMIDE.MK-4541,0
A427,AZD1775.DASATINIB,1
OVCAR3,TEMOZOLOMIDE.ZOLINZA,1
MDAMB436,LAPATINIB.MK-5108,1
UACC62,CARBOPLATIN.LAPATINIB,1
A427,CYCLOPHOSPHAMIDE.MK-8669,1
T47D,AZD1775.ERLOTINIB,1
A2058,L778123.MK-4541,1
SW620,DASATINIB.L778123,1
NCIH23,ABT-888.AZD1775,0
RKO,SN-38.ZOLINZA,1
SKMEL30,AZD1775.SUNITINIB,1
SW620,DINACICLIB.METHOTREXATE,0
SKOV3,DASATINIB.DOXORUBICIN,1
PA1,DEXAMETHASONE.SUNITINIB,1
SKMES1,PD325901.TEMOZOLOMIDE,0
SKMEL30,MK-4541.SUNITINIB,1
LOVO,DEXAMETHASONE.SORAFENIB,0
A427,MK-4827.PACLITAXEL,0
NCIH23,METFORMIN.SUNITINIB,1
RPMI7951,METFORMIN.MK-2206,1
SKMES1,GEMCITABINE.L778123,1
OVCAR3,ERLOTINIB.MITOMYCINE,0
HCT116,BEZ-235.MK-4541,1
OVCAR3,AZD1775.GEMCITABINE,0
SKMES1,TEMOZOLOMIDE.TOPOTECAN,1
OV90,MK-2206.ZOLINZA,1
OVCAR3,GELDANAMYCIN.OXALIPLATIN,1
NCIH520,L778123.SN-38,1
OCUBM,MK-8669.MK-8776,1
A375,BEZ-235.L778123,1
A375,CARBOPLATIN.PD325901,0
HCT116,OXALIPLATIN.SORAFENIB,0
SKMES1,DASATINIB.VINORELBINE,1
HT144,GEMCITABINE.MK-4827,0
HT144,PD325901.VINBLASTINE,1
NCIH520,BORTEZOMIB.OXALIPLATIN,0
UWB1289,ABT-888.GEMCITABINE,0
LOVO,DASATINIB.MK-4827,0
SKMEL30,AZD1775.PD325901,0
NCIH520,L778123.METFORMIN,1
MDAMB436,AZD1775.METFORMIN,1
SW620,BEZ-235.MITOMYCINE,1
NCIH2122,ERLOTINIB.SUNITINIB,1
SW620,CARBOPLATIN.SUNITINIB,0
SKOV3,BORTEZOMIB.DOXORUBICIN,0
SW620,ABT-888.SORAFENIB,1
ES2,MK-4541.VINBLASTINE,1
NCIH1650,DINACICLIB.METFORMIN,1
PA1,DINACICLIB.MK-4827,1
VCAP,CARBOPLATIN.L778123,1
LOVO,ABT-888.MRK-003,0
SKMEL30,BEZ-235.PACLITAXEL,1
OVCAR3,MK-2206.MK-8776,1
SKMEL30,GELDANAMYCIN.VINORELBINE,0
MDAMB436,MK-5108.SN-38,1
RKO,5-FU.ERLOTINIB,1
OVCAR3,MK-2206.MK-8669,1
UACC62,DOXORUBICIN.L778123,1
NCIH520,DEXAMETHASONE.L778123,1
RPMI7951,ETOPOSIDE.MK-4541,1
HT144,DEXAMETHASONE.SORAFENIB,1
OV90,LAPATINIB.MK-2206,1
HT144,GELDANAMYCIN.TEMOZOLOMIDE,0
RKO,ABT-888.PD325901,1
HCT116,CYCLOPHOSPHAMIDE.SUNITINIB,1
NCIH23,METFORMIN.PD325901,0
HCT116,MK-8669.SORAFENIB,1
NCIH23,ERLOTINIB.METFORMIN,0
UWB1289,GELDANAMYCIN.SUNITINIB,1
UWB1289,AZD1775.DASATINIB,1
NCIH23,BEZ-235.MITOMYCINE,0
NCIH520,CYCLOPHOSPHAMIDE.TEMOZOLOMIDE,1
HCT116,BORTEZOMIB.LAPATINIB,1
MSTO,MRK-003.TOPOTECAN,1
LOVO,L778123.SORAFENIB,0
SKMES1,DINACICLIB.SUNITINIB,0
UWB1289,CYCLOPHOSPHAMIDE.SORAFENIB,1
NCIH1650,DEXAMETHASONE.MK-5108,1
RKO,BORTEZOMIB.MITOMYCINE,1
SKOV3,MRK-003.TEMOZOLOMIDE,1
NCIH520,MK-8669.VINORELBINE,1
SKMEL30,MK-2206.SORAFENIB,1
UACC62,BORTEZOMIB.MRK-003,0
OV90,MK-8776.TEMOZOLOMIDE,1
OVCAR3,CARBOPLATIN.MK-8669,1
MSTO,AZD1775.MK-8669,1
SKMES1,L778123.MK-8776,1
SKMES1,LAPATINIB.MITOMYCINE,1
NCIH23,L778123.MK-8669,1
UWB1289,DASATINIB.OXALIPLATIN,1
UACC62,DASATINIB.TOPOTECAN,0
NCIH520,ABT-888.MK-8776,1
ES2,BORTEZOMIB.DEXAMETHASONE,1
LOVO,ABT-888.GEMCITABINE,0
LOVO,BEZ-235.DEXAMETHASONE,1
A427,OXALIPLATIN.SORAFENIB,1
MDAMB436,5-FU.BEZ-235,1
OVCAR3,DASATINIB.TEMOZOLOMIDE,1
OVCAR3,METFORMIN.MRK-003,1
SKOV3,BEZ-235.ERLOTINIB,1
T47D,DASATINIB.MK-5108,1
RPMI7951,CYCLOPHOSPHAMIDE.DINACICLIB,1
T47D,CARBOPLATIN.MK-2206,0
RKO,CYCLOPHOSPHAMIDE.TEMOZOLOMIDE,1
UWB1289,LAPATINIB.PACLITAXEL,1
DLD1,SORAFENIB.VINBLASTINE,1
SKOV3,GELDANAMYCIN.MK-4827,0
DLD1,L778123.SUNITINIB,1
OV90,LAPATINIB.MK-5108,1
A2780,ABT-888.VINBLASTINE,0
A2058,5-FU.BEZ-235,1
A427,CARBOPLATIN.MRK-003,0
LOVO,DINACICLIB.MK-8669,1
SW620,CYCLOPHOSPHAMIDE.MK-5108,1
A375,ABT-888.MRK-003,1
SW837,DOXORUBICIN.TEMOZOLOMIDE,0
MDAMB436,L778123.MRK-003,1
OV90,DEXAMETHASONE.SORAFENIB,1
NCIH520,BEZ-235.SORAFENIB,1
MDAMB436,DEXAMETHASONE.SORAFENIB,1
NCIH1650,DASATINIB.DOXORUBICIN,1
SKMES1,MK-5108.SORAFENIB,0
ES2,BEZ-235.MK-8776,1
NCIH23,MK-4827.PD325901,0
SKMES1,ABT-888.SN-38,1
A2058,ERLOTINIB.METHOTREXATE,1
SW620,BEZ-235.MRK-003,1
HT29,ERLOTINIB.GELDANAMYCIN,1
MDAMB436,ETOPOSIDE.MK-8776,1
RKO,DINACICLIB.SORAFENIB,1
A2780,GELDANAMYCIN.MK-4827,0
ES2,CARBOPLATIN.MK-2206,1
SW837,L778123.MK-8669,1
HCT116,DINACICLIB.METFORMIN,1
NCIH23,BORTEZOMIB.LAPATINIB,1
VCAP,ERLOTINIB.SN-38,1
RKO,METFORMIN.SUNITINIB,1
A427,BEZ-235.DINACICLIB,1
VCAP,BEZ-235.MK-5108,1
LOVO,MK-4541.PACLITAXEL,0
NCIH1650,DINACICLIB.MK-4827,1
NCIH1650,AZD1775.DOXORUBICIN,1
A375,SORAFENIB.VINBLASTINE,1
SKMEL30,MK-4827.MK-8669,1
HT144,METFORMIN.SORAFENIB,1
LOVO,ABT-888.MK-8669,1
A375,DEXAMETHASONE.L778123,1
HT29,BEZ-235.GEMCITABINE,1
UWB1289,DASATINIB.GEMCITABINE,1
UWB1289,CARBOPLATIN.MRK-003,0
DLD1,AZD1775.TEMOZOLOMIDE,1
PA1,MK-5108.MK-8776,1
HT144,MK-5108.TEMOZOLOMIDE,0
UACC62,DINACICLIB.VINORELBINE,0
SKOV3,CARBOPLATIN.PD325901,0
A2058,MK-2206.SORAFENIB,1
A427,CARBOPLATIN.LAPATINIB,0
UACC62,MK-2206.TEMOZOLOMIDE,1
UWB1289,5-FU.MK-5108,1
NCIH1650,L778123.MK-5108,1
UWB1289,BEZ-235.MK-8669,1
VCAP,MK-4541.MK-5108,1
T47D,5-FU.MK-2206,0
UWB1289,METHOTREXATE.MK-8669,0
OCUBM,MK-4541.SUNITINIB,1
VCAP,L778123.MK-4827,1
DLD1,MK-4541.ZOLINZA,1
NCIH2122,ABT-888.DASATINIB,0
SKOV3,ERLOTINIB.MK-8669,1
UACC62,GEMCITABINE.LAPATINIB,1
OV90,MK-4827.MK-8669,1
HT144,MK-8669.PD325901,1
A2058,METHOTREXATE.MK-4541,0
SW837,DINACICLIB.PD325901,0
HCT116,AZD1775.DEXAMETHASONE,1
UACC62,ABT-888.GEMCITABINE,1
MSTO,ABT-888.MK-2206,1
A375,METHOTREXATE.MK-8669,0
HT144,DINACICLIB.GELDANAMYCIN,0
MDAMB436,MK-4541.OXALIPLATIN,0
NCIH1650,DOXORUBICIN.L778123,1
RPMI7951,MK-8669.ZOLINZA,1
A427,LAPATINIB.MK-5108,0
VCAP,5-FU.ERLOTINIB,1
A2780,METHOTREXATE.MK-4541,0
OV90,DINACICLIB.TOPOTECAN,0
LOVO,MRK-003.SUNITINIB,0
MDAMB436,DINACICLIB.PD325901,1
UACC62,METFORMIN.SUNITINIB,1
SW620,MRK-003.VINORELBINE,0
HT29,BEZ-235.L778123,1
SKOV3,MRK-003.SN-38,1
MSTO,SUNITINIB.TOPOTECAN,0
NCIH23,DEXAMETHASONE.L778123,1
SKMEL30,ABT-888.SN-38,1
UACC62,ERLOTINIB.MK-4541,1
SKMES1,DOXORUBICIN.L778123,1
OV90,MK-4541.MK-8776,0
RKO,BEZ-235.L778123,1
OVCAR3,CARBOPLATIN.DASATINIB,1
NCIH1650,SUNITINIB.TEMOZOLOMIDE,1
OCUBM,DOXORUBICIN.L778123,1
SKMES1,DEXAMETHASONE.ERLOTINIB,1
SW837,CARBOPLATIN.PD325901,0
SW837,SUNITINIB.TOPOTECAN,0
LOVO,DASATINIB.DOXORUBICIN,1
VCAP,MK-5108.ZOLINZA,1
NCIH520,L778123.OXALIPLATIN,0
A2058,DEXAMETHASONE.DINACICLIB,1
RPMI7951,MK-8776.PD325901,0
SKMEL30,AZD1775.GELDANAMYCIN,1
OV90,MK-4541.PACLITAXEL,0
NCIH2122,ERLOTINIB.GELDANAMYCIN,1
NCIH520,BEZ-235.OXALIPLATIN,1
NCIH2122,ERLOTINIB.METHOTREXATE,1
DLD1,METFORMIN.MK-8669,1
RKO,BORTEZOMIB.CARBOPLATIN,1
A375,ERLOTINIB.GELDANAMYCIN,1
SKMES1,SORAFENIB.SUNITINIB,0
NCIH23,LAPATINIB.MK-5108,1
ES2,MK-4827.VINBLASTINE,0
NCIH2122,MK-4541.PACLITAXEL,0
SKOV3,SORAFENIB.ZOLINZA,1
MSTO,DINACICLIB.TOPOTECAN,0
SKOV3,PACLITAXEL.PD325901,1
NCIH1650,LAPATINIB.MITOMYCINE,0
HT144,DASATINIB.L778123,0
PA1,DOXORUBICIN.MK-4827,1
NCIH23,MK-8669.MK-8776,1
LOVO,ETOPOSIDE.TEMOZOLOMIDE,0
SW620,LAPATINIB.METFORMIN,0
DLD1,BORTEZOMIB.ETOPOSIDE,1
SW837,AZD1775.TOPOTECAN,1
UACC62,LAPATINIB.PD325901,0
OV90,METFORMIN.SUNITINIB,1
NCIH23,TEMOZOLOMIDE.ZOLINZA,0
RKO,BEZ-235.MK-2206,1
A427,BEZ-235.GEMCITABINE,1
A375,DASATINIB.MK-4541,1
UWB1289,ETOPOSIDE.ZOLINZA,1
NCIH1650,SN-38.TEMOZOLOMIDE,0
PA1,MRK-003.TEMOZOLOMIDE,1
SW837,BORTEZOMIB.DOXORUBICIN,0
DLD1,AZD1775.MK-4827,1
NCIH520,METHOTREXATE.MK-2206,0
SKOV3,TEMOZOLOMIDE.TOPOTECAN,1
A2058,MK-4541.MK-8776,1
NCIH2122,DINACICLIB.GEMCITABINE,1
NCIH1650,DINACICLIB.ERLOTINIB,1
SKOV3,METFORMIN.ZOLINZA,1
SW620,AZD1775.MK-5108,1
NCIH1650,MK-5108.VINORELBINE,1
NCIH520,BEZ-235.MK-4827,1
NCIH23,MK-4541.MRK-003,1
NCIH2122,MK-8776.ZOLINZA,1
A427,GELDANAMYCIN.VINBLASTINE,0
DLD1,MK-8669.MRK-003,1
SW837,MK-4541.PD325901,0
ES2,SUNITINIB.ZOLINZA,0
MDAMB436,BORTEZOMIB.VINBLASTINE,1
RKO,L778123.PD325901,1
NCIH520,AZD1775.VINORELBINE,0
MDAMB436,ABT-888.VINBLASTINE,0
SKOV3,5-FU.L778123,1
SKOV3,PD325901.TEMOZOLOMIDE,1
RKO,DEXAMETHASONE.MK-5108,1
UACC62,ABT-888.VINORELBINE,0
HT29,LAPATINIB.SUNITINIB,1
SKOV3,BORTEZOMIB.MITOMYCINE,0
ES2,OXALIPLATIN.PD325901,0
A2780,AZD1775.MK-4827,1
VCAP,MK-8776.SN-38,1
LOVO,LAPATINIB.MK-4541,1
MSTO,AZD1775.CYCLOPHOSPHAMIDE,1
SW620,BORTEZOMIB.MK-8776,1
DLD1,ABT-888.OXALIPLATIN,0
MSTO,L778123.MK-8669,1
A427,5-FU.DINACICLIB,1
SKMES1,LAPATINIB.MK-2206,1
A427,MK-8776.TEMOZOLOMIDE,1
MDAMB436,GEMCITABINE.SUNITINIB,0
NCIH23,BORTEZOMIB.MK-4541,1
NCIH2122,ETOPOSIDE.MK-8669,1
PA1,METFORMIN.PD325901,1
SW837,TOPOTECAN.ZOLINZA,1
HT144,BEZ-235.OXALIPLATIN,0
SKMES1,5-FU.MK-8669,1
MDAMB436,L778123.MK-2206,1
OV90,CYCLOPHOSPHAMIDE.MK-5108,1
T47D,ETOPOSIDE.MRK-003,1
NCIH23,MK-2206.PACLITAXEL,0
ES2,MK-8776.ZOLINZA,1
NCIH23,SUNITINIB.VINORELBINE,0
A375,MRK-003.VINORELBINE,1
NCIH23,CYCLOPHOSPHAMIDE.DINACICLIB,1
HT29,ABT-888.PD325901,0
A2780,MK-5108.SN-38,1
LOVO,MK-4827.MK-8669,1
NCIH2122,CYCLOPHOSPHAMIDE.MK-8669,1
DLD1,AZD1775.MK-2206,1
DLD1,ERLOTINIB.L778123,1
RKO,LAPATINIB.OXALIPLATIN,0
UWB1289,ETOPOSIDE.MRK-003,1
NCIH23,ABT-888.GELDANAMYCIN,0
OVCAR3,TEMOZOLOMIDE.TOPOTECAN,1
A2058,MITOMYCINE.MK-4827,0
UWB1289,DASATINIB.MRK-003,1
HT144,MK-4827.ZOLINZA,1
A2058,SUNITINIB.TOPOTECAN,0
RKO,DINACICLIB.VINORELBINE,1
MSTO,ABT-888.DASATINIB,1
PA1,MK-4827.MK-8669,1
NCIH23,ETOPOSIDE.LAPATINIB,0
UWB1289,AZD1775.PD325901,1
HT144,MK-2206.SUNITINIB,1
A2780,GELDANAMYCIN.LAPATINIB,0
ES2,DINACICLIB.METFORMIN,1
SKOV3,MK-2206.SN-38,1
SW837,DOXORUBICIN.LAPATINIB,1
DLD1,LAPATINIB.SORAFENIB,1
NCIH23,AZD1775.METHOTREXATE,0
NCIH23,DASATINIB.VINBLASTINE,1
SW837,BORTEZOMIB.VINORELBINE,0
HT144,MK-4827.PACLITAXEL,1
NCIH2122,GELDANAMYCIN.L778123,1
UACC62,BORTEZOMIB.GELDANAMYCIN,0
SW620,MITOMYCINE.MK-8669,1
A427,DEXAMETHASONE.DINACICLIB,1
OCUBM,MRK-003.OXALIPLATIN,0
MDAMB436,BEZ-235.MK-8776,1
A2780,MK-8776.VINORELBINE,0
MSTO,BEZ-235.MK-5108,1
RKO,MK-4827.MK-8669,1
DLD1,OXALIPLATIN.SORAFENIB,0
SW620,GELDANAMYCIN.VINORELBINE,0
UWB1289,AZD1775.MK-8669,1
HT144,AZD1775.MRK-003,1
SW837,DINACICLIB.GELDANAMYCIN,0
OV90,DASATINIB.MK-5108,1
MDAMB436,METFORMIN.MK-8669,1
RPMI7951,DASATINIB.PACLITAXEL,1
UWB1289,5-FU.ABT-888,0
HT144,MK-8669.ZOLINZA,1
OV90,CARBOPLATIN.SORAFENIB,0
SW620,GELDANAMYCIN.ZOLINZA,0
ES2,MK-4827.MK-5108,1
OV90,AZD1775.SN-38,0
MDAMB436,TEMOZOLOMIDE.ZOLINZA,1
PA1,BEZ-235.GELDANAMYCIN,1
PA1,LAPATINIB.VINBLASTINE,1
RPMI7951,DINACICLIB.MK-5108,1
ES2,BEZ-235.BORTEZOMIB,0
NCIH2122,BORTEZOMIB.MK-8669,1
DLD1,MITOMYCINE.MK-4541,0
PA1,OXALIPLATIN.TEMOZOLOMIDE,0
SKMES1,GELDANAMYCIN.VINBLASTINE,0
A427,DINACICLIB.L778123,1
A2058,GEMCITABINE.ZOLINZA,0
HT144,SN-38.TEMOZOLOMIDE,0
SKOV3,DINACICLIB.MK-8669,1
DLD1,GEMCITABINE.LAPATINIB,0
OCUBM,LAPATINIB.PD325901,1
OVCAR3,AZD1775.SN-38,1
RPMI7951,BEZ-235.MK-4541,1
PA1,L778123.VINORELBINE,0
A2780,BORTEZOMIB.DOXORUBICIN,0
HT144,ETOPOSIDE.MK-8669,1
HT29,BORTEZOMIB.PACLITAXEL,0
DLD1,DASATINIB.DOXORUBICIN,1
PA1,GELDANAMYCIN.MK-4541,1
SKOV3,DOXORUBICIN.MK-8669,1
LOVO,BORTEZOMIB.MK-8669,1
VCAP,MK-4541.MK-8776,1
SW620,METHOTREXATE.PD325901,0
ES2,BEZ-235.METFORMIN,1
A427,DINACICLIB.TOPOTECAN,1
PA1,ERLOTINIB.VINBLASTINE,1
NCIH2122,5-FU.BORTEZOMIB,1
HCT116,ERLOTINIB.MK-8776,1
LOVO,ERLOTINIB.MK-4541,1
NCIH1650,DEXAMETHASONE.ERLOTINIB,1
SW837,L778123.SORAFENIB,0
OVCAR3,DOXORUBICIN.ERLOTINIB,0
OV90,MK-4827.PACLITAXEL,0
NCIH2122,MK-5108.VINBLASTINE,0
SKOV3,DINACICLIB.OXALIPLATIN,0
SW837,MITOMYCINE.MK-5108,0
ES2,L778123.MITOMYCINE,0
SW620,ABT-888.METHOTREXATE,1
NCIH23,MK-8669.MRK-003,1
T47D,ETOPOSIDE.MK-5108,1
OCUBM,AZD1775.VINBLASTINE,1
OCUBM,ERLOTINIB.L778123,1
NCIH520,OXALIPLATIN.SUNITINIB,1
LOVO,AZD1775.LAPATINIB,1
OVCAR3,CYCLOPHOSPHAMIDE.TEMOZOLOMIDE,0
RKO,5-FU.ABT-888,1
LOVO,MK-5108.SUNITINIB,0
NCIH23,ERLOTINIB.VINBLASTINE,1
A2780,GEMCITABINE.ZOLINZA,1
HCT116,DINACICLIB.GELDANAMYCIN,1
UWB1289,PD325901.VINORELBINE,0
NCIH2122,AZD1775.PD325901,1
OV90,L778123.PD325901,1
UWB1289,BORTEZOMIB.GEMCITABINE,0
SW837,GELDANAMYCIN.OXALIPLATIN,0
MDAMB436,CYCLOPHOSPHAMIDE.GELDANAMYCIN,1
UACC62,MK-2206.MK-4541,1
UACC62,ERLOTINIB.SN-38,1
SW620,MRK-003.OXALIPLATIN,0
NCIH1650,ERLOTINIB.ETOPOSIDE,1
PA1,DOXORUBICIN.MK-2206,1
ES2,MK-8669.TEMOZOLOMIDE,1
SW620,ABT-888.MK-8776,1
LOVO,MITOMYCINE.MK-2206,1
A375,LAPATINIB.MK-4827,1
ES2,MK-2206.PD325901,1
LOVO,CYCLOPHOSPHAMIDE.TEMOZOLOMIDE,0
SKOV3,MK-4827.PD325901,1
LOVO,PD325901.TEMOZOLOMIDE,0
SW837,MK-4541.MRK-003,1
NCIH1650,SUNITINIB.ZOLINZA,0
UWB1289,CYCLOPHOSPHAMIDE.GELDANAMYCIN,0
NCIH23,BORTEZOMIB.OXALIPLATIN,0
PA1,LAPATINIB.MK-5108,1
UWB1289,L778123.LAPATINIB,1
OV90,AZD1775.PD325901,0
A2058,MK-4827.SN-38,1
A427,DINACICLIB.TEMOZOLOMIDE,1
UACC62,MK-4541.TOPOTECAN,0
RKO,ABT-888.MRK-003,1
OV90,ERLOTINIB.TEMOZOLOMIDE,0
ES2,CARBOPLATIN.MRK-003,0
UWB1289,ABT-888.VINBLASTINE,1
A375,SN-38.SUNITINIB,1
NCIH23,MK-4541.SUNITINIB,1
LOVO,CYCLOPHOSPHAMIDE.MK-4541,0
A375,GEMCITABINE.MK-5108,1
OCUBM,DINACICLIB.VINBLASTINE,1
MDAMB436,ABT-888.ZOLINZA,1
HT29,ABT-888.MK-4827,1
RKO,DASATINIB.SN-38,1
PA1,ERLOTINIB.SUNITINIB,1
NCIH23,CARBOPLATIN.MRK-003,0
VCAP,MK-4827.MRK-003,1
VCAP,CARBOPLATIN.MRK-003,1
SKOV3,DOXORUBICIN.MK-5108,0
A2058,BEZ-235.MK-4541,1
VCAP,MK-8669.MRK-003,1
A2058,VINBLASTINE.ZOLINZA,0
SW620,GELDANAMYCIN.VINBLASTINE,0
VCAP,GEMCITABINE.SORAFENIB,0
UWB1289,BORTEZOMIB.ETOPOSIDE,0
SKMES1,CARBOPLATIN.SORAFENIB,0
SKMEL30,MRK-003.OXALIPLATIN,1
UACC62,METHOTREXATE.MRK-003,0
OCUBM,MK-4827.PD325901,1
SKOV3,DASATINIB.GEMCITABINE,0
SKMEL30,MITOMYCINE.MK-4827,1
OVCAR3,METFORMIN.MK-2206,1
SW620,L778123.OXALIPLATIN,0
A375,DEXAMETHASONE.MK-2206,1
SKMES1,MK-4827.PACLITAXEL,1
OV90,DEXAMETHASONE.TEMOZOLOMIDE,0
HT144,DOXORUBICIN.SORAFENIB,0
NCIH23,MK-4541.VINORELBINE,0
A375,ERLOTINIB.VINBLASTINE,1
HT144,BEZ-235.MRK-003,1
RKO,CYCLOPHOSPHAMIDE.MRK-003,0
HT144,L778123.VINBLASTINE,1
NCIH2122,MK-4827.SUNITINIB,1
NCIH23,5-FU.AZD1775,0
SKMEL30,BORTEZOMIB.MK-8669,1
VCAP,METFORMIN.MK-8776,1
DLD1,PACLITAXEL.PD325901,1
DLD1,5-FU.TEMOZOLOMIDE,0
HT144,MK-4541.MK-8669,1
HT144,BEZ-235.MITOMYCINE,1
A2058,ERLOTINIB.ZOLINZA,0
SW620,DINACICLIB.LAPATINIB,1
ES2,CYCLOPHOSPHAMIDE.MK-8669,1
A2058,OXALIPLATIN.SUNITINIB,0
NCIH23,DASATINIB.METHOTREXATE,0
HT29,MK-4541.MRK-003,1
SW837,METFORMIN.MRK-003,1
UWB1289,ETOPOSIDE.MK-8669,1
VCAP,DOXORUBICIN.ERLOTINIB,1
RPMI7951,CYCLOPHOSPHAMIDE.MRK-003,1
UWB1289,MITOMYCINE.MK-8669,1
HT29,DINACICLIB.PACLITAXEL,0
A2058,AZD1775.BEZ-235,1
UACC62,BEZ-235.METHOTREXATE,0
LOVO,PACLITAXEL.ZOLINZA,0
OV90,MK-4541.MK-5108,1
RKO,PD325901.VINBLASTINE,1
RPMI7951,AZD1775.BEZ-235,1
HT29,DASATINIB.MK-8776,1
HCT116,MK-5108.SORAFENIB,1
SW620,METFORMIN.MK-8776,1
NCIH520,MITOMYCINE.TEMOZOLOMIDE,0
LOVO,LAPATINIB.MITOMYCINE,1
A2058,MK-8669.MK-8776,1
MDAMB436,MK-8669.MRK-003,1
A2780,BEZ-235.MITOMYCINE,1
ES2,BORTEZOMIB.DASATINIB,1
SKOV3,SORAFENIB.TEMOZOLOMIDE,1
SKMES1,ETOPOSIDE.LAPATINIB,1
HCT116,SUNITINIB.VINBLASTINE,1
NCIH2122,CYCLOPHOSPHAMIDE.MK-5108,1
T47D,AZD1775.TOPOTECAN,0
MSTO,MK-8669.MRK-003,1
SKMES1,MK-2206.PD325901,1
SW620,MK-4827.MK-8776,1
MDAMB436,BORTEZOMIB.PD325901,1
HT29,AZD1775.ETOPOSIDE,1
SW837,BEZ-235.DASATINIB,1
A2780,MK-4827.PACLITAXEL,0
SKMES1,AZD1775.TOPOTECAN,1
OV90,AZD1775.MK-8776,1
SW837,LAPATINIB.TOPOTECAN,1
SW620,PD325901.SUNITINIB,1
A427,DASATINIB.TOPOTECAN,1
SW620,AZD1775.BORTEZOMIB,1
MDAMB436,DINACICLIB.SUNITINIB,0
RKO,BORTEZOMIB.ZOLINZA,1
HT144,TOPOTECAN.ZOLINZA,1
SW837,GEMCITABINE.MRK-003,1
HT144,MK-4827.VINBLASTINE,1
A2780,MK-4541.SORAFENIB,0
HT29,MK-2206.MK-8669,1
OV90,L778123.MK-4827,1
HCT116,METHOTREXATE.ZOLINZA,0
NCIH520,MK-8776.SN-38,1
UWB1289,BEZ-235.SN-38,1
SW837,MK-4827.SORAFENIB,0
SKMEL30,DASATINIB.SN-38,0
T47D,BEZ-235.METFORMIN,1
A427,METFORMIN.MK-4827,0
ES2,VINORELBINE.ZOLINZA,1
HT144,BORTEZOMIB.VINBLASTINE,1
NCIH2122,BEZ-235.MK-4541,1
SW837,MK-4541.ZOLINZA,1
UWB1289,AZD1775.SN-38,1
A2780,CARBOPLATIN.MK-5108,1
SW837,ERLOTINIB.SUNITINIB,1
MSTO,AZD1775.TOPOTECAN,1
MDAMB436,5-FU.L778123,1
RPMI7951,BEZ-235.GEMCITABINE,1
SKMES1,LAPATINIB.MK-8669,1
OV90,ERLOTINIB.LAPATINIB,0
SKMEL30,MK-2206.PD325901,1
ES2,DASATINIB.MK-4541,0
OVCAR3,MRK-003.OXALIPLATIN,0
SKMES1,DASATINIB.ZOLINZA,1
ES2,PD325901.VINORELBINE,0
A2058,BEZ-235.BORTEZOMIB,1
ES2,CYCLOPHOSPHAMIDE.TEMOZOLOMIDE,0
UWB1289,MK-8669.SORAFENIB,1
SW837,BEZ-235.OXALIPLATIN,1
DLD1,BEZ-235.SUNITINIB,1
VCAP,MK-2206.SUNITINIB,1
OV90,MRK-003.OXALIPLATIN,0
A427,CYCLOPHOSPHAMIDE.L778123,1
OVCAR3,L778123.MK-5108,0
UWB1289,MITOMYCINE.SUNITINIB,1
A2058,DASATINIB.SORAFENIB,1
A427,DASATINIB.DOXORUBICIN,1
NCIH520,BEZ-235.ETOPOSIDE,1
A2058,MK-8669.SN-38,1
A2780,LAPATINIB.METHOTREXATE,1
A2780,MK-5108.MRK-003,1
NCIH2122,MK-5108.TEMOZOLOMIDE,0
SW837,ABT-888.SN-38,0
NCIH23,BORTEZOMIB.MK-5108,0
SW837,5-FU.BEZ-235,1
LOVO,AZD1775.SUNITINIB,0
SW620,ETOPOSIDE.PD325901,0
NCIH520,ERLOTINIB.MRK-003,1
VCAP,ABT-888.METFORMIN,0
RKO,CYCLOPHOSPHAMIDE.GELDANAMYCIN,1
HT144,ABT-888.PD325901,0
HT29,GELDANAMYCIN.GEMCITABINE,0
RPMI7951,LAPATINIB.MK-8776,1
MDAMB436,MK-8776.OXALIPLATIN,1
OV90,ABT-888.BORTEZOMIB,0
SW620,MRK-003.PACLITAXEL,1
SKOV3,DASATINIB.L778123,1
NCIH1650,DEXAMETHASONE.SORAFENIB,0
OV90,5-FU.DINACICLIB,0
OVCAR3,MK-8776.ZOLINZA,1
HT29,L778123.PD325901,1
NCIH2122,BORTEZOMIB.OXALIPLATIN,0
A2058,SORAFENIB.TOPOTECAN,0
A375,MK-4827.MK-5108,1
OV90,MITOMYCINE.MK-8669,1
SKMES1,BORTEZOMIB.MK-5108,0
A2058,AZD1775.TEMOZOLOMIDE,1
NCIH2122,ERLOTINIB.MK-5108,1
RKO,GELDANAMYCIN.PD325901,1
A2780,DOXORUBICIN.SUNITINIB,0
MDAMB436,5-FU.DASATINIB,1
MSTO,ABT-888.VINORELBINE,0
MSTO,MITOMYCINE.ZOLINZA,1
NCIH1650,5-FU.GELDANAMYCIN,1
OVCAR3,GEMCITABINE.MK-2206,1
LOVO,MRK-003.TEMOZOLOMIDE,0
HCT116,DASATINIB.MK-8776,0
SKMEL30,AZD1775.MK-4827,1
SW620,MK-8776.PD325901,0
RKO,AZD1775.METHOTREXATE,1
OV90,MK-8669.MK-8776,1
A375,AZD1775.LAPATINIB,1
T47D,OXALIPLATIN.PD325901,0
T47D,MITOMYCINE.MRK-003,0
VCAP,GELDANAMYCIN.MK-2206,1
RPMI7951,BEZ-235.METFORMIN,1
RKO,SORAFENIB.TOPOTECAN,0
OVCAR3,5-FU.AZD1775,1
HCT116,DINACICLIB.SORAFENIB,1
LOVO,DOXORUBICIN.MK-4827,1
NCIH23,MK-5108.MRK-003,1
VCAP,MK-4827.PD325901,1
UACC62,AZD1775.SUNITINIB,1
SKOV3,GELDANAMYCIN.VINBLASTINE,0
UACC62,MITOMYCINE.SUNITINIB,1
SKMES1,BORTEZOMIB.PACLITAXEL,0
LOVO,ABT-888.OXALIPLATIN,0
SW837,ABT-888.MK-4827,0
NCIH1650,DASATINIB.L778123,1
LOVO,DASATINIB.TOPOTECAN,1
OCUBM,DINACICLIB.OXALIPLATIN,1
NCIH1650,CARBOPLATIN.DASATINIB,1
SKOV3,DEXAMETHASONE.SUNITINIB,1
ES2,MITOMYCINE.ZOLINZA,1
SW837,DASATINIB.PACLITAXEL,1
A2780,DINACICLIB.PACLITAXEL,0
SKMEL30,ABT-888.PD325901,0
HT29,DOXORUBICIN.L778123,1
UACC62,CARBOPLATIN.L778123,1
MDAMB436,BORTEZOMIB.ZOLINZA,1
SKMES1,METFORMIN.ZOLINZA,1
RKO,GELDANAMYCIN.L778123,1
UWB1289,TEMOZOLOMIDE.VINBLASTINE,0
ES2,MRK-003.VINBLASTINE,1
NCIH2122,LAPATINIB.PD325901,1
DLD1,METFORMIN.MRK-003,1
A375,CARBOPLATIN.SORAFENIB,1
NCIH23,BORTEZOMIB.SORAFENIB,0
UACC62,MK-4541.OXALIPLATIN,0
SW620,ABT-888.ETOPOSIDE,0
SKMES1,BEZ-235.TEMOZOLOMIDE,1
SW837,BORTEZOMIB.CYCLOPHOSPHAMIDE,0
VCAP,5-FU.SUNITINIB,1
OVCAR3,CYCLOPHOSPHAMIDE.PD325901,1
SKMEL30,DOXORUBICIN.MRK-003,1
ES2,ABT-888.SORAFENIB,1
NCIH23,CARBOPLATIN.MK-4827,0
SW620,LAPATINIB.PD325901,0
SKMES1,5-FU.BORTEZOMIB,0
NCIH1650,LAPATINIB.TEMOZOLOMIDE,0
DLD1,BEZ-235.OXALIPLATIN,1
A2058,DINACICLIB.SUNITINIB,0
A375,BORTEZOMIB.OXALIPLATIN,1
RPMI7951,5-FU.SORAFENIB,0
SKOV3,ABT-888.MK-5108,1
UWB1289,CYCLOPHOSPHAMIDE.LAPATINIB,1
LOVO,DEXAMETHASONE.MK-4827,1
NCIH520,L778123.TOPOTECAN,1
SKMES1,DINACICLIB.ZOLINZA,0
SW837,BEZ-235.DOXORUBICIN,1
NCIH520,CYCLOPHOSPHAMIDE.MK-5108,0
DLD1,ABT-888.METFORMIN,1
MSTO,L778123.METFORMIN,1
SKMEL30,LAPATINIB.VINBLASTINE,1
OV90,BEZ-235.GEMCITABINE,1
UWB1289,AZD1775.LAPATINIB,1
NCIH1650,ETOPOSIDE.L778123,1
NCIH23,DASATINIB.SORAFENIB,1
MSTO,CYCLOPHOSPHAMIDE.GELDANAMYCIN,1
NCIH2122,DEXAMETHASONE.ERLOTINIB,1
SKMES1,AZD1775.MK-2206,1
NCIH23,DINACICLIB.ZOLINZA,0
A427,MK-4827.SORAFENIB,1
DLD1,GEMCITABINE.MK-4541,0
HT144,DINACICLIB.MITOMYCINE,0
MDAMB436,SUNITINIB.VINORELBINE,0
LOVO,BEZ-235.CARBOPLATIN,1
HT29,LAPATINIB.MRK-003,1
HT144,AZD1775.CARBOPLATIN,1
UACC62,5-FU.BORTEZOMIB,0
RKO,BEZ-235.DOXORUBICIN,1
NCIH520,CARBOPLATIN.GELDANAMYCIN,0
SKMES1,AZD1775.TEMOZOLOMIDE,1
HT29,AZD1775.TOPOTECAN,1
SKMEL30,LAPATINIB.MK-5108,1
NCIH2122,ERLOTINIB.L778123,1
SKMES1,AZD1775.LAPATINIB,1
HCT116,BEZ-235.METFORMIN,1
HT29,METFORMIN.MK-2206,1
VCAP,MRK-003.PACLITAXEL,0
HT29,MK-8776.VINBLASTINE,1
PA1,METFORMIN.SORAFENIB,1
NCIH520,GELDANAMYCIN.L778123,1
A427,ERLOTINIB.TOPOTECAN,1
RKO,GELDANAMYCIN.MK-8669,1
PA1,DASATINIB.SORAFENIB,1
SKOV3,DINACICLIB.MK-8776,0
OV90,MRK-003.PACLITAXEL,1
ES2,METHOTREXATE.MK-8669,0
NCIH2122,AZD1775.DOXORUBICIN,0
UWB1289,ABT-888.MK-4541,1
MDAMB436,MK-2206.MK-8776,1
LOVO,DOXORUBICIN.MRK-003,1
T47D,ERLOTINIB.MK-2206,1
OVCAR3,PD325901.TOPOTECAN,1
A2780,5-FU.SORAFENIB,0
DLD1,MITOMYCINE.MK-8776,1
LOVO,METHOTREXATE.MK-4541,0
HT29,DASATINIB.PD325901,1
A2058,METFORMIN.ZOLINZA,0
NCIH23,ABT-888.CYCLOPHOSPHAMIDE,0
NCIH520,L778123.METHOTREXATE,0
A2780,DOXORUBICIN.MK-4541,1
UACC62,ETOPOSIDE.MK-8669,1
VCAP,CYCLOPHOSPHAMIDE.SUNITINIB,1
RPMI7951,LAPATINIB.ZOLINZA,1
SW620,BORTEZOMIB.PD325901,1
OCUBM,DOXORUBICIN.MK-4827,1
SKMEL30,ERLOTINIB.SORAFENIB,1
A2780,DEXAMETHASONE.ERLOTINIB,1
LOVO,MK-4827.TEMOZOLOMIDE,1
SW837,MK-2206.MK-4541,0
PA1,DINACICLIB.SUNITINIB,1
OV90,MK-4541.ZOLINZA,1
SW837,GEMCITABINE.L778123,1
RPMI7951,AZD1775.MK-8669,1
RPMI7951,BEZ-235.ERLOTINIB,1
A375,AZD1775.MK-4541,1
DLD1,MK-4827.PACLITAXEL,1
OCUBM,MK-4827.MK-8669,1
SW620,DASATINIB.MK-8776,1
A2780,SUNITINIB.TOPOTECAN,0
A2058,ETOPOSIDE.SUNITINIB,0
NCIH2122,ERLOTINIB.VINORELBINE,0
NCIH520,ABT-888.GEMCITABINE,0
NCIH2122,ABT-888.ERLOTINIB,1
T47D,LAPATINIB.MK-4541,0
OVCAR3,ABT-888.BEZ-235,1
NCIH520,METHOTREXATE.MK-5108,0
HT29,DEXAMETHASONE.SORAFENIB,0
UACC62,MITOMYCINE.MK-8669,1
DLD1,LAPATINIB.ZOLINZA,1
VCAP,DEXAMETHASONE.DINACICLIB,1
RKO,CYCLOPHOSPHAMIDE.DASATINIB,0
NCIH2122,MK-8776.PD325901,0
DLD1,MK-8669.PD325901,1
NCIH520,METHOTREXATE.SUNITINIB,0
UWB1289,BEZ-235.PACLITAXEL,0
T47D,DASATINIB.TOPOTECAN,1
RKO,METHOTREXATE.MK-2206,1
OCUBM,BORTEZOMIB.OXALIPLATIN,0
SKMES1,ABT-888.MK-5108,1
HT29,AZD1775.MK-8669,1
UWB1289,METFORMIN.SUNITINIB,1
MSTO,MK-4541.MK-5108,0
HT144,DINACICLIB.PD325901,0
NCIH23,BEZ-235.L778123,1
A2780,BORTEZOMIB.PACLITAXEL,0
OV90,DASATINIB.METHOTREXATE,0
NCIH1650,MK-2206.PD325901,1
HCT116,DASATINIB.MITOMYCINE,1
SKOV3,CYCLOPHOSPHAMIDE.TEMOZOLOMIDE,1
NCIH2122,BEZ-235.SUNITINIB,1
SKMEL30,GELDANAMYCIN.MITOMYCINE,1
NCIH1650,DEXAMETHASONE.PD325901,1
NCIH23,MK-8669.TEMOZOLOMIDE,1
A2780,ERLOTINIB.L778123,1
HCT116,5-FU.SORAFENIB,1
SKMES1,DINACICLIB.SORAFENIB,0
NCIH2122,METFORMIN.MK-4541,0
SKMEL30,GELDANAMYCIN.TEMOZOLOMIDE,1
OVCAR3,MK-4827.TOPOTECAN,1
UWB1289,DEXAMETHASONE.MRK-003,1
SKMEL30,ABT-888.MK-2206,1
SW620,DINACICLIB.GELDANAMYCIN,0
SKMES1,ERLOTINIB.MK-4827,1
SKOV3,DINACICLIB.TOPOTECAN,0
NCIH1650,DINACICLIB.GELDANAMYCIN,0
VCAP,PD325901.SORAFENIB,1
SKMEL30,MK-8776.SORAFENIB,1
A2780,ABT-888.TOPOTECAN,1
NCIH2122,METFORMIN.SORAFENIB,1
SW837,MK-2206.MK-5108,1
NCIH2122,ERLOTINIB.PD325901,1
SW620,MK-2206.MK-4827,1
HCT116,ABT-888.CYCLOPHOSPHAMIDE,1
T47D,MITOMYCINE.PD325901,1
A2058,AZD1775.CARBOPLATIN,1
NCIH1650,MITOMYCINE.MRK-003,0
NCIH23,ABT-888.SORAFENIB,1
OCUBM,DINACICLIB.METFORMIN,1
UACC62,ABT-888.VINBLASTINE,0
UACC62,CYCLOPHOSPHAMIDE.MK-4541,0
NCIH2122,BEZ-235.L778123,1
UACC62,DASATINIB.GEMCITABINE,1
SKOV3,METFORMIN.SUNITINIB,1
OVCAR3,DOXORUBICIN.MK-4827,0
NCIH1650,BEZ-235.MITOMYCINE,0
MSTO,LAPATINIB.MK-5108,1
UACC62,AZD1775.L778123,1
OVCAR3,ABT-888.DASATINIB,1
SKMEL30,ERLOTINIB.L778123,1
NCIH23,CYCLOPHOSPHAMIDE.PD325901,0
SW620,BORTEZOMIB.METFORMIN,1
NCIH23,ERLOTINIB.MITOMYCINE,0
MDAMB436,SN-38.SUNITINIB,0
NCIH520,BORTEZOMIB.PD325901,0
OVCAR3,MK-5108.SN-38,1
NCIH23,CYCLOPHOSPHAMIDE.MK-5108,1
ES2,ABT-888.BORTEZOMIB,0
HCT116,ETOPOSIDE.ZOLINZA,1
PA1,L778123.MK-2206,1
OCUBM,ABT-888.CARBOPLATIN,1
HT144,MITOMYCINE.PD325901,1
A375,L778123.MK-4541,1
NCIH520,GELDANAMYCIN.VINBLASTINE,0
SW837,ERLOTINIB.MK-4827,1
A427,PD325901.TOPOTECAN,1
PA1,L778123.MK-8669,1
LOVO,GEMCITABINE.MK-4827,0
HCT116,PD325901.SORAFENIB,1
NCIH2122,AZD1775.ERLOTINIB,1
SW837,MITOMYCINE.TEMOZOLOMIDE,0
UACC62,METFORMIN.MK-4827,0
ES2,DASATINIB.MK-2206,1
A2058,AZD1775.MK-5108,1
SW837,BORTEZOMIB.METHOTREXATE,0
SW620,AZD1775.SORAFENIB,1
UWB1289,AZD1775.L778123,1
UACC62,DASATINIB.DOXORUBICIN,1
ES2,MRK-003.TOPOTECAN,1
SKMES1,MK-8669.SUNITINIB,1
NCIH1650,DINACICLIB.VINBLASTINE,0
NCIH520,LAPATINIB.MK-4541,0
A2058,MRK-003.ZOLINZA,0
A2780,AZD1775.BORTEZOMIB,0
SW620,5-FU.ZOLINZA,0
SW837,PD325901.SN-38,0
ES2,METFORMIN.ZOLINZA,0
MDAMB436,AZD1775.OXALIPLATIN,0
UWB1289,CARBOPLATIN.MK-4827,1
HT144,DOXORUBICIN.GELDANAMYCIN,0
DLD1,MITOMYCINE.SORAFENIB,0
NCIH23,ABT-888.MK-8669,1
MSTO,METFORMIN.MRK-003,0
SKMES1,CYCLOPHOSPHAMIDE.DINACICLIB,1
MDAMB436,MK-8776.ZOLINZA,1
SKMEL30,MK-8776.PACLITAXEL,0
MSTO,DOXORUBICIN.MK-8776,1
NCIH23,DOXORUBICIN.TEMOZOLOMIDE,1
MSTO,CYCLOPHOSPHAMIDE.LAPATINIB,0
A375,CARBOPLATIN.MK-8669,1
A375,BEZ-235.DOXORUBICIN,1
SW620,METHOTREXATE.SORAFENIB,0
HCT116,DOXORUBICIN.L778123,1
HT144,MITOMYCINE.MK-4827,1
SKMES1,MK-8776.OXALIPLATIN,0
PA1,ABT-888.OXALIPLATIN,0
SW837,AZD1775.SN-38,1
LOVO,TEMOZOLOMIDE.TOPOTECAN,1
MDAMB436,AZD1775.PACLITAXEL,1
UACC62,GEMCITABINE.MK-8776,1
NCIH2122,GELDANAMYCIN.MRK-003,0
DLD1,MK-4827.MRK-003,1
NCIH520,BORTEZOMIB.LAPATINIB,0
RPMI7951,DASATINIB.MK-8669,1
ES2,MK-8776.MRK-003,1
OV90,MK-8669.MRK-003,1
DLD1,TEMOZOLOMIDE.TOPOTECAN,1
SW620,CYCLOPHOSPHAMIDE.PD325901,0
A375,MK-8776.PD325901,1
SW620,CYCLOPHOSPHAMIDE.MK-8669,1
SW620,ABT-888.OXALIPLATIN,1
NCIH520,DOXORUBICIN.MK-8669,1
RPMI7951,PACLITAXEL.SUNITINIB,0
MDAMB436,MK-5108.VINORELBINE,1
UWB1289,MK-8669.TEMOZOLOMIDE,1
SKOV3,L778123.METHOTREXATE,1
OVCAR3,DINACICLIB.ERLOTINIB,1
SKMEL30,ABT-888.DINACICLIB,1
OVCAR3,ERLOTINIB.SUNITINIB,1
SKOV3,MRK-003.VINORELBINE,1
NCIH23,MK-4541.PACLITAXEL,0
SW837,AZD1775.LAPATINIB,1
MDAMB436,MK-2206.PD325901,1
A427,MK-4541.MK-8669,1
SKMES1,BORTEZOMIB.MK-4541,0
ES2,ERLOTINIB.ETOPOSIDE,1
OVCAR3,DINACICLIB.TEMOZOLOMIDE,0
NCIH520,LAPATINIB.MK-5108,1
SKOV3,CARBOPLATIN.MK-8669,1
UACC62,DASATINIB.TEMOZOLOMIDE,1
MDAMB436,BEZ-235.CARBOPLATIN,1
SW837,LAPATINIB.METHOTREXATE,1
OCUBM,ABT-888.L778123,1
NCIH520,DOXORUBICIN.MK-4541,1
SW837,DEXAMETHASONE.MK-8776,0
SKMES1,CARBOPLATIN.L778123,1
A2058,BEZ-235.MK-8669,1
A2058,DINACICLIB.MRK-003,1
UACC62,MRK-003.PACLITAXEL,1
MDAMB436,CARBOPLATIN.MK-5108,1
A375,ERLOTINIB.TEMOZOLOMIDE,1
RKO,AZD1775.BEZ-235,1
UACC62,MK-8669.SN-38,1
SKMEL30,DEXAMETHASONE.MK-8669,1
PA1,L778123.MITOMYCINE,0
UACC62,MITOMYCINE.MK-4827,0
NCIH520,ABT-888.DOXORUBICIN,1
OCUBM,MK-5108.SUNITINIB,1
SKOV3,MK-4541.MK-8776,1
RKO,5-FU.BEZ-235,1
NCIH23,BORTEZOMIB.CYCLOPHOSPHAMIDE,0
A2058,BORTEZOMIB.TOPOTECAN,1
MDAMB436,DINACICLIB.METFORMIN,1
SKMES1,GELDANAMYCIN.SORAFENIB,0
UACC62,MITOMYCINE.SORAFENIB,0
SKMEL30,CARBOPLATIN.MK-4541,1
VCAP,DINACICLIB.OXALIPLATIN,1
LOVO,GELDANAMYCIN.MK-4827,0
MSTO,SUNITINIB.TEMOZOLOMIDE,1
VCAP,MITOMYCINE.PD325901,1
SW620,BEZ-235.PACLITAXEL,1
A2780,MITOMYCINE.SUNITINIB,0
LOVO,MK-8776.SORAFENIB,0
OCUBM,ABT-888.ERLOTINIB,1
MDAMB436,AZD1775.DINACICLIB,1
A427,BORTEZOMIB.ZOLINZA,0
HT29,METHOTREXATE.SORAFENIB,0
SKOV3,MK-5108.ZOLINZA,1
A2780,DINACICLIB.VINBLASTINE,1
MDAMB436,MK-5108.TEMOZOLOMIDE,0
A427,DOXORUBICIN.GELDANAMYCIN,1
SKMES1,CARBOPLATIN.PD325901,0
ES2,ERLOTINIB.PD325901,1
NCIH2122,METHOTREXATE.SORAFENIB,0
MDAMB436,BEZ-235.TEMOZOLOMIDE,1
NCIH2122,ETOPOSIDE.TEMOZOLOMIDE,0
HT29,MK-8776.MRK-003,1
A2058,MK-2206.MK-4827,1
NCIH1650,L778123.PACLITAXEL,1
MDAMB436,L778123.MK-5108,1
A427,MK-4827.MK-8669,1
PA1,BEZ-235.ZOLINZA,1
A375,5-FU.DINACICLIB,1
MSTO,AZD1775.SN-38,1
PA1,SUNITINIB.VINORELBINE,0
SKMES1,GELDANAMYCIN.GEMCITABINE,1
HT144,ERLOTINIB.PD325901,1
DLD1,DOXORUBICIN.ZOLINZA,0
HT144,5-FU.L778123,1
OCUBM,METFORMIN.MK-5108,1
MDAMB436,DINACICLIB.SN-38,1
A2058,DASATINIB.DOXORUBICIN,1
MSTO,ERLOTINIB.SUNITINIB,1
OVCAR3,GEMCITABINE.MK-4541,0
LOVO,ABT-888.BORTEZOMIB,1
MSTO,MK-5108.PD325901,0
NCIH1650,L778123.PD325901,1
OV90,ABT-888.ERLOTINIB,0
NCIH23,DASATINIB.ZOLINZA,0
PA1,MK-4541.MK-4827,1
HCT116,MK-4541.MK-8776,1
HT29,CYCLOPHOSPHAMIDE.MK-2206,1
LOVO,METFORMIN.PD325901,0
RPMI7951,CARBOPLATIN.L778123,0
SKMEL30,BORTEZOMIB.TOPOTECAN,0
OCUBM,BORTEZOMIB.MITOMYCINE,0
HT29,MITOMYCINE.MK-4827,1
UACC62,BORTEZOMIB.VINORELBINE,0
DLD1,MK-5108.OXALIPLATIN,0
HT144,LAPATINIB.MRK-003,1
A2058,DASATINIB.LAPATINIB,1
HT144,DEXAMETHASONE.DINACICLIB,0
SKMES1,MK-4541.MK-8776,1
A2780,CYCLOPHOSPHAMIDE.TEMOZOLOMIDE,1
HT144,AZD1775.PD325901,1
SKMES1,MK-4827.MRK-003,1
A375,DINACICLIB.ERLOTINIB,1
OCUBM,METFORMIN.MK-4827,1
UACC62,DEXAMETHASONE.MK-8776,1
NCIH1650,AZD1775.DASATINIB,1
ES2,CYCLOPHOSPHAMIDE.PD325901,1
OCUBM,DEXAMETHASONE.LAPATINIB,1
T47D,ERLOTINIB.MK-5108,1
HT29,LAPATINIB.VINBLASTINE,1
UWB1289,MK-4541.TOPOTECAN,1
UWB1289,CYCLOPHOSPHAMIDE.ERLOTINIB,1
SKMEL30,MRK-003.VINBLASTINE,1
A427,AZD1775.MK-4541,1
SKMEL30,MK-8776.ZOLINZA,1
NCIH1650,BEZ-235.CYCLOPHOSPHAMIDE,1
RKO,ETOPOSIDE.LAPATINIB,1
VCAP,MK-4827.VINBLASTINE,0
RKO,L778123.METFORMIN,1
RPMI7951,DINACICLIB.MK-8669,1
MDAMB436,PD325901.SORAFENIB,1
SW620,GELDANAMYCIN.OXALIPLATIN,0
HCT116,CARBOPLATIN.ERLOTINIB,1
HT29,BEZ-235.ERLOTINIB,1
ES2,CARBOPLATIN.L778123,0
NCIH2122,CARBOPLATIN.MK-5108,0
OCUBM,GELDANAMYCIN.MK-8669,1
HT144,MITOMYCINE.SORAFENIB,0
NCIH520,ABT-888.AZD1775,1
OV90,MITOMYCINE.MK-2206,1
NCIH23,MK-2206.MK-4541,1
OV90,ABT-888.MK-4827,0
VCAP,ERLOTINIB.PD325901,1
NCIH1650,MK-8669.VINORELBINE,1
SW837,ERLOTINIB.VINBLASTINE,1
HCT116,ABT-888.PACLITAXEL,0
MSTO,BEZ-235.TOPOTECAN,1
HT144,CARBOPLATIN.MK-5108,0
ES2,BEZ-235.SORAFENIB,1
DLD1,5-FU.MK-8669,1
MDAMB436,CYCLOPHOSPHAMIDE.PD325901,0
A375,DASATINIB.TEMOZOLOMIDE,1
MDAMB436,ERLOTINIB.METHOTREXATE,1
SKMEL30,ABT-888.OXALIPLATIN,1
ES2,SN-38.ZOLINZA,1
RPMI7951,CARBOPLATIN.LAPATINIB,0
A375,LAPATINIB.METHOTREXATE,1
UACC62,CYCLOPHOSPHAMIDE.SUNITINIB,1
SW837,MK-4827.VINBLASTINE,0
VCAP,MITOMYCINE.MK-4827,1
SKMES1,BEZ-235.DASATINIB,1
A427,DOXORUBICIN.MK-2206,1
NCIH520,GEMCITABINE.MK-2206,1
SW837,BEZ-235.MITOMYCINE,1
VCAP,MK-4827.TEMOZOLOMIDE,1
NCIH520,LAPATINIB.MK-8669,1
A375,DASATINIB.MK-4827,1
A375,MK-4827.ZOLINZA,1
UACC62,L778123.TEMOZOLOMIDE,1
A2058,DASATINIB.PD325901,1
HT144,METHOTREXATE.TEMOZOLOMIDE,0
MDAMB436,MK-4827.TEMOZOLOMIDE,1
OV90,OXALIPLATIN.SORAFENIB,0
NCIH520,BORTEZOMIB.MK-4541,0
A375,MRK-003.TEMOZOLOMIDE,0
NCIH23,BEZ-235.METFORMIN,1
MDAMB436,AZD1775.GELDANAMYCIN,1
PA1,GELDANAMYCIN.SORAFENIB,1
OV90,ERLOTINIB.TOPOTECAN,1
PA1,BEZ-235.MITOMYCINE,1
DLD1,DINACICLIB.MK-4541,1
HT29,MK-8669.MK-8776,1
VCAP,DASATINIB.GELDANAMYCIN,1
HCT116,DEXAMETHASONE.LAPATINIB,0
UACC62,CARBOPLATIN.GELDANAMYCIN,0
A2058,DOXORUBICIN.MK-5108,1
A375,MK-8776.SUNITINIB,1
A427,MRK-003.SN-38,0
PA1,DASATINIB.VINORELBINE,1
ES2,DASATINIB.METHOTREXATE,1
OVCAR3,ABT-888.MK-2206,1
NCIH2122,ABT-888.CARBOPLATIN,1
SW620,BEZ-235.MK-8669,1
RKO,DINACICLIB.SUNITINIB,1
DLD1,AZD1775.VINORELBINE,1
A2780,ETOPOSIDE.SORAFENIB,0
RKO,BEZ-235.CYCLOPHOSPHAMIDE,1
SKMES1,5-FU.DASATINIB,1
SW837,METHOTREXATE.SUNITINIB,0
RKO,MK-4541.SUNITINIB,1
HT29,LAPATINIB.TOPOTECAN,1
PA1,METFORMIN.TEMOZOLOMIDE,1
T47D,AZD1775.METFORMIN,1
SKMEL30,L778123.MK-5108,1
SKMEL30,BEZ-235.LAPATINIB,1
ES2,AZD1775.MK-2206,1
UWB1289,DOXORUBICIN.PD325901,1
HT29,CARBOPLATIN.MK-2206,1
A2780,DEXAMETHASONE.LAPATINIB,1
VCAP,DASATINIB.PD325901,1
HT29,CARBOPLATIN.LAPATINIB,1
RPMI7951,DASATINIB.METFORMIN,1
DLD1,DASATINIB.MK-8669,1
A2780,ETOPOSIDE.MK-2206,1
MDAMB436,SORAFENIB.TEMOZOLOMIDE,0
OV90,GEMCITABINE.TEMOZOLOMIDE,1
MDAMB436,VINBLASTINE.ZOLINZA,1
MDAMB436,MK-5108.TOPOTECAN,1
A375,MK-4827.VINBLASTINE,1
MSTO,MK-8669.VINBLASTINE,1
NCIH1650,ABT-888.BEZ-235,0
MDAMB436,GELDANAMYCIN.VINBLASTINE,1
A427,LAPATINIB.MITOMYCINE,0
UACC62,AZD1775.DASATINIB,1
HCT116,BEZ-235.LAPATINIB,1
UWB1289,DINACICLIB.MITOMYCINE,0
HCT116,ETOPOSIDE.MK-2206,1
HT144,MITOMYCINE.TEMOZOLOMIDE,0
A2058,METFORMIN.MK-4541,1
A427,ERLOTINIB.GELDANAMYCIN,1
ES2,LAPATINIB.MK-4827,0
LOVO,DASATINIB.TEMOZOLOMIDE,0
A2058,BEZ-235.SORAFENIB,1
A2058,LAPATINIB.PD325901,1
NCIH1650,AZD1775.DINACICLIB,0
RKO,GELDANAMYCIN.MRK-003,1
SKMEL30,SUNITINIB.TOPOTECAN,1
SW620,ABT-888.TEMOZOLOMIDE,1
HT29,METFORMIN.ZOLINZA,1
A2058,BORTEZOMIB.ZOLINZA,1
HT29,DEXAMETHASONE.MK-4541,1
SKMES1,BORTEZOMIB.DOXORUBICIN,0
MSTO,MK-5108.SN-38,1
NCIH1650,PD325901.TEMOZOLOMIDE,0
SW620,DASATINIB.PD325901,1
NCIH23,MK-2206.VINORELBINE,1
MDAMB436,MK-2206.MK-4827,1
MSTO,MK-4827.PACLITAXEL,1
A2780,LAPATINIB.MK-2206,1
UACC62,MK-5108.ZOLINZA,1
NCIH2122,AZD1775.BORTEZOMIB,0
UWB1289,ETOPOSIDE.LAPATINIB,1
SW837,LAPATINIB.MK-4541,1
RKO,ABT-888.MK-4827,1
HT29,5-FU.MK-8669,1
A375,BORTEZOMIB.PD325901,1
PA1,BEZ-235.DEXAMETHASONE,1
OVCAR3,5-FU.BORTEZOMIB,0
DLD1,BEZ-235.GELDANAMYCIN,1
OV90,BEZ-235.BORTEZOMIB,0
A427,SORAFENIB.ZOLINZA,0
OV90,ABT-888.MITOMYCINE,0
UACC62,METHOTREXATE.SORAFENIB,0
HT29,ABT-888.TEMOZOLOMIDE,1
LOVO,DINACICLIB.MK-4541,1
PA1,GELDANAMYCIN.PD325901,1
SKOV3,ABT-888.DEXAMETHASONE,1
NCIH520,DOXORUBICIN.LAPATINIB,0
HCT116,MK-8776.PACLITAXEL,0
DLD1,DINACICLIB.SN-38,1
A2780,MK-8669.VINORELBINE,0
HT144,MK-8776.TOPOTECAN,1
OVCAR3,MK-2206.ZOLINZA,1
NCIH1650,DEXAMETHASONE.MK-4541,0
SKMEL30,MRK-003.SORAFENIB,1
SKOV3,SN-38.SUNITINIB,1
ES2,ERLOTINIB.ZOLINZA,1
UWB1289,DINACICLIB.L778123,1
HCT116,CARBOPLATIN.MK-8669,1
LOVO,BORTEZOMIB.GELDANAMYCIN,0
MSTO,ETOPOSIDE.SUNITINIB,0
SKOV3,BORTEZOMIB.MK-5108,1
A2780,AZD1775.SUNITINIB,1
HT29,MK-2206.MK-4541,1
UWB1289,SORAFENIB.ZOLINZA,1
NCIH2122,MK-4541.SORAFENIB,1
NCIH2122,AZD1775.SORAFENIB,0
NCIH23,GEMCITABINE.MRK-003,1
SKMES1,BEZ-235.SORAFENIB,1
A375,MK-8669.PD325901,1
HCT116,MK-2206.PD325901,1
HCT116,ERLOTINIB.MITOMYCINE,0
ES2,AZD1775.VINBLASTINE,0
ES2,GEMCITABINE.PD325901,1
HCT116,MRK-003.TOPOTECAN,1
SW837,MK-8669.SUNITINIB,1
NCIH2122,MK-4541.VINBLASTINE,0
A427,ABT-888.VINORELBINE,0
A2058,MK-4541.SORAFENIB,1
HT144,LAPATINIB.SN-38,1
NCIH23,ERLOTINIB.VINORELBINE,1
SKMEL30,PD325901.TOPOTECAN,0
UWB1289,MK-2206.PACLITAXEL,1
A2058,MK-4541.MK-4827,1
ES2,DASATINIB.ERLOTINIB,1
UWB1289,SUNITINIB.ZOLINZA,1
HT29,BEZ-235.MK-4541,1
T47D,5-FU.ABT-888,1
MDAMB436,MK-8669.SN-38,1
A427,DOXORUBICIN.MK-5108,0
SKOV3,AZD1775.SUNITINIB,1
NCIH2122,METFORMIN.MK-8669,1
A2058,DASATINIB.MK-8776,1
SKMES1,PACLITAXEL.SUNITINIB,1
A2058,ERLOTINIB.MK-8669,1
PA1,CYCLOPHOSPHAMIDE.ERLOTINIB,1
NCIH520,L778123.MK-4541,1
NCIH1650,ABT-888.MRK-003,0
RKO,DOXORUBICIN.ZOLINZA,0
HCT116,METFORMIN.MK-8776,1
SW620,BEZ-235.MK-8776,1
SKMEL30,METHOTREXATE.TEMOZOLOMIDE,0
SW837,AZD1775.SORAFENIB,0
ES2,ETOPOSIDE.ZOLINZA,1
LOVO,MRK-003.SN-38,0
A2058,ABT-888.DOXORUBICIN,1
SW620,METHOTREXATE.MK-2206,1
HT29,ERLOTINIB.TOPOTECAN,1
HT144,MK-5108.OXALIPLATIN,0
OV90,DINACICLIB.LAPATINIB,1
MDAMB436,DOXORUBICIN.MRK-003,0
NCIH2122,SN-38.ZOLINZA,1
HT29,BORTEZOMIB.MITOMYCINE,0
A375,DASATINIB.MRK-003,1
NCIH2122,DOXORUBICIN.PD325901,1
A2058,MRK-003.TOPOTECAN,1
SW620,ABT-888.SUNITINIB,1
ES2,MK-4827.PACLITAXEL,0
MSTO,BEZ-235.MK-8669,1
RPMI7951,CARBOPLATIN.ZOLINZA,1
MDAMB436,AZD1775.METHOTREXATE,0
A2058,OXALIPLATIN.SORAFENIB,0
HT29,MITOMYCINE.PD325901,0
NCIH1650,BEZ-235.PD325901,1
NCIH23,MK-8776.MRK-003,1
SKOV3,LAPATINIB.PD325901,1
HT29,CYCLOPHOSPHAMIDE.MK-8669,1
UACC62,PACLITAXEL.SORAFENIB,0
A375,DINACICLIB.MK-8669,1
OVCAR3,AZD1775.METFORMIN,1
A2058,MITOMYCINE.MRK-003,1
LOVO,DASATINIB.VINBLASTINE,1
HCT116,ETOPOSIDE.MK-5108,1
HT29,ABT-888.DOXORUBICIN,1
NCIH2122,CYCLOPHOSPHAMIDE.DASATINIB,0
UWB1289,MK-5108.MRK-003,1
A2058,LAPATINIB.MK-2206,1
A427,MK-4827.TOPOTECAN,0
LOVO,MK-4827.SORAFENIB,0
T47D,DOXORUBICIN.MK-4827,1
HCT116,AZD1775.CYCLOPHOSPHAMIDE,1
SKMEL30,L778123.SUNITINIB,1
UACC62,CYCLOPHOSPHAMIDE.PD325901,0
DLD1,BORTEZOMIB.GEMCITABINE,1
LOVO,PD325901.SORAFENIB,0
SKMES1,MITOMYCINE.MK-8776,0
T47D,CARBOPLATIN.MRK-003,0
RKO,5-FU.GELDANAMYCIN,1
RKO,MK-8776.PACLITAXEL,1
HT29,AZD1775.TEMOZOLOMIDE,1
UWB1289,MITOMYCINE.MK-5108,1
MSTO,5-FU.PD325901,0
OCUBM,MK-4827.VINBLASTINE,1
NCIH1650,ABT-888.VINBLASTINE,0
A427,CARBOPLATIN.MK-8776,0
UWB1289,MRK-003.SN-38,1
DLD1,MK-4827.MK-8776,1
HT144,BEZ-235.DOXORUBICIN,1
MDAMB436,BEZ-235.BORTEZOMIB,1
UWB1289,ERLOTINIB.SN-38,1
OVCAR3,CYCLOPHOSPHAMIDE.MK-8776,1
NCIH2122,GEMCITABINE.MK-8669,1
RKO,DINACICLIB.MK-8669,1
VCAP,MK-8669.MK-8776,1
RPMI7951,5-FU.LAPATINIB,1
UWB1289,ETOPOSIDE.SORAFENIB,0
VCAP,BEZ-235.MK-8669,1
SKOV3,GEMCITABINE.TEMOZOLOMIDE,1
ES2,ERLOTINIB.GELDANAMYCIN,1
OV90,LAPATINIB.SUNITINIB,1
A2058,METFORMIN.MK-5108,1
ES2,5-FU.SUNITINIB,1
SKMES1,DEXAMETHASONE.GELDANAMYCIN,1
OVCAR3,ABT-888.ETOPOSIDE,0
SKOV3,MK-4541.MRK-003,1
T47D,MK-2206.ZOLINZA,1
NCIH520,DEXAMETHASONE.MK-8669,1
HCT116,MK-4541.VINBLASTINE,0
A2780,AZD1775.TOPOTECAN,1
MSTO,CYCLOPHOSPHAMIDE.MK-4541,1
UACC62,DOXORUBICIN.MK-8776,0
ES2,DOXORUBICIN.MK-5108,1
LOVO,L778123.VINBLASTINE,1
A2780,ABT-888.SORAFENIB,0
SKOV3,DASATINIB.ERLOTINIB,1
A2058,SN-38.SORAFENIB,0
NCIH2122,MK-8669.VINORELBINE,0
SKMES1,SORAFENIB.ZOLINZA,0
OVCAR3,ABT-888.METFORMIN,1
A2780,BORTEZOMIB.MK-4541,0
ES2,DEXAMETHASONE.SUNITINIB,1
A375,GELDANAMYCIN.PACLITAXEL,1
OV90,MK-5108.TOPOTECAN,0
NCIH23,MITOMYCINE.PD325901,1
RPMI7951,MK-5108.OXALIPLATIN,0
MDAMB436,LAPATINIB.TOPOTECAN,1
NCIH23,MK-4541.TOPOTECAN,1
ES2,L778123.METHOTREXATE,0
A2780,MITOMYCINE.MK-8669,1
RKO,MK-8776.SUNITINIB,1
OV90,BEZ-235.MK-8776,1
NCIH2122,PD325901.VINBLASTINE,0
A375,BORTEZOMIB.CARBOPLATIN,1
NCIH2122,AZD1775.METFORMIN,1
SKMES1,LAPATINIB.SORAFENIB,0
HT29,L778123.TEMOZOLOMIDE,1
RPMI7951,ABT-888.L778123,1
OCUBM,GELDANAMYCIN.MK-4827,1
RPMI7951,LAPATINIB.TEMOZOLOMIDE,1
A427,L778123.MK-5108,1
UWB1289,ERLOTINIB.GEMCITABINE,1
SKMES1,ABT-888.SUNITINIB,1
ES2,ETOPOSIDE.SORAFENIB,0
A427,BEZ-235.VINORELBINE,0
NCIH1650,CARBOPLATIN.ERLOTINIB,0
MDAMB436,ABT-888.BEZ-235,1
OV90,ERLOTINIB.METHOTREXATE,0
HT29,MK-8669.PD325901,1
HT144,CYCLOPHOSPHAMIDE.MK-4541,1
A2780,SUNITINIB.TEMOZOLOMIDE,1
VCAP,DASATINIB.ERLOTINIB,1
RKO,BORTEZOMIB.OXALIPLATIN,1
SW620,GEMCITABINE.MK-4541,0
NCIH2122,MRK-003.SUNITINIB,1
NCIH520,METHOTREXATE.MK-4827,0
DLD1,PD325901.ZOLINZA,1
UACC62,ETOPOSIDE.PD325901,0
NCIH1650,ETOPOSIDE.MK-8776,1
UACC62,GELDANAMYCIN.PD325901,0
PA1,ABT-888.MK-8776,1
NCIH520,5-FU.BORTEZOMIB,0
OVCAR3,DASATINIB.VINBLASTINE,1
DLD1,ERLOTINIB.ETOPOSIDE,1
VCAP,CYCLOPHOSPHAMIDE.ZOLINZA,1
NCIH23,MITOMYCINE.MK-8669,1
NCIH23,LAPATINIB.METHOTREXATE,0
VCAP,METFORMIN.MK-4541,1
A2058,GELDANAMYCIN.L778123,1
A375,AZD1775.MITOMYCINE,1
NCIH1650,AZD1775.METHOTREXATE,0
SW837,DINACICLIB.VINBLASTINE,0
UWB1289,MITOMYCINE.MK-2206,1
OCUBM,LAPATINIB.MRK-003,1
OVCAR3,ABT-888.L778123,1
HT144,DASATINIB.ERLOTINIB,0
T47D,BEZ-235.DASATINIB,1
VCAP,ABT-888.LAPATINIB,0
UACC62,MK-4827.SN-38,1
SKMES1,GEMCITABINE.MRK-003,1
NCIH520,ETOPOSIDE.MK-8776,1
RPMI7951,SN-38.ZOLINZA,1
SKMES1,L778123.SN-38,1
T47D,5-FU.DASATINIB,1
LOVO,AZD1775.ERLOTINIB,1
HT29,GELDANAMYCIN.METFORMIN,0
A375,L778123.VINORELBINE,1
A2780,MRK-003.OXALIPLATIN,0
A375,L778123.PD325901,1
SKMES1,ERLOTINIB.ZOLINZA,1
SW837,DINACICLIB.MK-2206,1
HT29,ERLOTINIB.MK-2206,1
A427,5-FU.BORTEZOMIB,1
NCIH1650,ABT-888.MITOMYCINE,0
SW837,LAPATINIB.SUNITINIB,1
A427,ETOPOSIDE.TEMOZOLOMIDE,1
HCT116,SORAFENIB.ZOLINZA,1
LOVO,MK-5108.PD325901,1
HT144,BORTEZOMIB.ETOPOSIDE,1
RKO,CARBOPLATIN.DINACICLIB,1
DLD1,DEXAMETHASONE.LAPATINIB,1
MSTO,DOXORUBICIN.SUNITINIB,0
NCIH2122,L778123.VINORELBINE,0
LOVO,MK-4827.SUNITINIB,0
NCIH23,LAPATINIB.MK-8669,1
A2058,ERLOTINIB.MK-8776,1
HT29,DINACICLIB.VINBLASTINE,0
NCIH2122,DEXAMETHASONE.MK-8669,1
A427,MK-2206.SUNITINIB,1
A427,ERLOTINIB.METFORMIN,0
NCIH23,ABT-888.PD325901,0
HCT116,GELDANAMYCIN.LAPATINIB,1
NCIH2122,L778123.LAPATINIB,1
DLD1,DEXAMETHASONE.MK-4541,1
MDAMB436,ABT-888.MK-4541,1
SKOV3,DEXAMETHASONE.MK-8669,1
DLD1,ERLOTINIB.TEMOZOLOMIDE,1
A427,DEXAMETHASONE.SUNITINIB,1
A427,MK-8669.SN-38,1
A2058,MK-2206.SUNITINIB,1
SKOV3,GELDANAMYCIN.OXALIPLATIN,0
SW837,DEXAMETHASONE.ZOLINZA,1
HT144,ABT-888.PACLITAXEL,1
ES2,ABT-888.BEZ-235,1
NCIH2122,MK-5108.TOPOTECAN,0
A2780,TEMOZOLOMIDE.VINBLASTINE,0
A2058,PD325901.ZOLINZA,0
ES2,MK-4541.SUNITINIB,1
SW620,METFORMIN.MRK-003,1
MSTO,ABT-888.DOXORUBICIN,0
MSTO,GELDANAMYCIN.SUNITINIB,0
DLD1,TEMOZOLOMIDE.VINBLASTINE,1
NCIH520,SORAFENIB.SUNITINIB,1
RKO,MK-5108.PACLITAXEL,0
OV90,AZD1775.LAPATINIB,0
LOVO,MK-5108.ZOLINZA,1
NCIH1650,MK-4827.SN-38,1
RKO,ETOPOSIDE.GELDANAMYCIN,1
HCT116,DINACICLIB.ETOPOSIDE,1
A2780,DASATINIB.DINACICLIB,1
UACC62,AZD1775.METHOTREXATE,0
MDAMB436,DINACICLIB.MK-4541,1
HT144,MK-4827.OXALIPLATIN,0
SW837,ERLOTINIB.MRK-003,1
NCIH1650,GELDANAMYCIN.VINBLASTINE,0
SKOV3,BEZ-235.MK-8669,1
OCUBM,AZD1775.GELDANAMYCIN,1
SW837,METFORMIN.MK-2206,0
SW837,MK-4827.OXALIPLATIN,0
SW620,DOXORUBICIN.MK-4541,1
HT29,BEZ-235.DEXAMETHASONE,1
RPMI7951,ERLOTINIB.TEMOZOLOMIDE,1
SKOV3,BEZ-235.SORAFENIB,1
OV90,AZD1775.MITOMYCINE,0
UWB1289,5-FU.L778123,1
SKMEL30,DASATINIB.DOXORUBICIN,0
UACC62,MITOMYCINE.MK-2206,1
HT29,MRK-003.PACLITAXEL,0
MSTO,DASATINIB.ZOLINZA,1
NCIH1650,ETOPOSIDE.MK-4827,1
A2780,CYCLOPHOSPHAMIDE.MK-2206,1
HCT116,METFORMIN.MK-4827,1
VCAP,SN-38.ZOLINZA,1
SKMES1,L778123.MK-8669,1
SKMEL30,ETOPOSIDE.MK-8669,1
NCIH2122,DINACICLIB.VINORELBINE,0
MDAMB436,PACLITAXEL.PD325901,1
LOVO,ABT-888.METHOTREXATE,0
PA1,CYCLOPHOSPHAMIDE.TEMOZOLOMIDE,1
SKOV3,DASATINIB.SUNITINIB,1
SKOV3,DASATINIB.VINORELBINE,1
HT29,L778123.MITOMYCINE,1
DLD1,BORTEZOMIB.VINBLASTINE,1
DLD1,BEZ-235.METHOTREXATE,1
NCIH2122,DASATINIB.MK-8669,0
HT29,CYCLOPHOSPHAMIDE.ERLOTINIB,0
A427,DASATINIB.SUNITINIB,1
NCIH1650,DASATINIB.TEMOZOLOMIDE,1
LOVO,MK-8669.PACLITAXEL,1
DLD1,METFORMIN.ZOLINZA,1
SW620,AZD1775.CYCLOPHOSPHAMIDE,1
MSTO,DINACICLIB.SN-38,0
NCIH2122,SORAFENIB.SUNITINIB,0
A2780,SUNITINIB.VINBLASTINE,1
SW620,ERLOTINIB.PACLITAXEL,0
A375,MK-4827.TEMOZOLOMIDE,1
HCT116,MK-4541.SN-38,1
HCT116,PD325901.ZOLINZA,0
HT29,CARBOPLATIN.MK-8669,1
SW837,DASATINIB.METHOTREXATE,1
RPMI7951,CARBOPLATIN.MK-8776,1
A375,DASATINIB.ERLOTINIB,1
DLD1,METFORMIN.SORAFENIB,1
A427,ABT-888.BORTEZOMIB,1
OV90,DINACICLIB.TEMOZOLOMIDE,0
DLD1,GELDANAMYCIN.MK-2206,1
A2780,PD325901.SUNITINIB,1
NCIH23,DINACICLIB.MK-8776,0
RKO,LAPATINIB.SN-38,1
HT29,DASATINIB.DOXORUBICIN,1
RPMI7951,ETOPOSIDE.MK-4827,1
SW620,DOXORUBICIN.MK-2206,1
DLD1,MK-5108.PACLITAXEL,1
PA1,5-FU.MK-8669,1
SW620,BORTEZOMIB.PACLITAXEL,1
NCIH520,DINACICLIB.MK-2206,1
A427,ABT-888.MK-4541,0
T47D,ETOPOSIDE.MK-2206,1
NCIH520,SUNITINIB.TOPOTECAN,1
DLD1,DASATINIB.DINACICLIB,1
SKMEL30,METHOTREXATE.MK-8669,1
SKMES1,ABT-888.DOXORUBICIN,1
RKO,GELDANAMYCIN.MK-8776,1
A2058,BEZ-235.MRK-003,1
OVCAR3,GELDANAMYCIN.MRK-003,1
SKMEL30,GEMCITABINE.MRK-003,1
A2780,LAPATINIB.SN-38,1
SW837,5-FU.MK-4827,0
LOVO,DASATINIB.METHOTREXATE,0
NCIH2122,BEZ-235.TOPOTECAN,0
NCIH520,CARBOPLATIN.TEMOZOLOMIDE,0
NCIH2122,LAPATINIB.ZOLINZA,1
SW837,ERLOTINIB.MITOMYCINE,0
MSTO,CARBOPLATIN.GELDANAMYCIN,0
OV90,MK-2206.VINORELBINE,1
NCIH520,BORTEZOMIB.SORAFENIB,0
NCIH2122,ETOPOSIDE.MRK-003,1
NCIH520,DINACICLIB.GELDANAMYCIN,1
RKO,DINACICLIB.VINBLASTINE,1
MDAMB436,GELDANAMYCIN.PACLITAXEL,1
SKMES1,MRK-003.PD325901,0
HT29,ABT-888.METHOTREXATE,0
HT29,ETOPOSIDE.SUNITINIB,1
SW837,MK-4827.MK-8669,1
SKMEL30,MK-8669.PACLITAXEL,1
A2780,MK-4827.SN-38,1
UACC62,5-FU.L778123,1
ES2,ABT-888.DASATINIB,0
HT29,MITOMYCINE.MRK-003,1
NCIH520,AZD1775.VINBLASTINE,1
MDAMB436,L778123.MK-8669,1
SKOV3,MK-8776.TOPOTECAN,1
NCIH520,OXALIPLATIN.PD325901,0
SKOV3,MK-2206.PD325901,1
OVCAR3,DEXAMETHASONE.L778123,0
SKMES1,MK-8776.PACLITAXEL,0
VCAP,MK-4541.TOPOTECAN,1
UWB1289,AZD1775.ERLOTINIB,1
OCUBM,MK-4827.OXALIPLATIN,1
OV90,DASATINIB.TEMOZOLOMIDE,0
A427,DOXORUBICIN.SORAFENIB,1
OVCAR3,L778123.MRK-003,0
NCIH2122,BEZ-235.METFORMIN,1
HT144,SUNITINIB.ZOLINZA,1
HT144,ABT-888.DASATINIB,0
HT144,GELDANAMYCIN.MITOMYCINE,0
NCIH520,ABT-888.DEXAMETHASONE,1
LOVO,CARBOPLATIN.LAPATINIB,1
NCIH1650,METFORMIN.MK-8669,1
NCIH520,MK-4541.VINORELBINE,0
SKMES1,5-FU.ZOLINZA,1
HCT116,MITOMYCINE.MK-5108,1
SW837,MK-8776.SORAFENIB,0
UACC62,BORTEZOMIB.METFORMIN,0
A2780,AZD1775.VINBLASTINE,1
UACC62,LAPATINIB.MRK-003,1
OVCAR3,5-FU.ZOLINZA,1
SW837,ABT-888.MK-4541,0
VCAP,LAPATINIB.MK-2206,1
NCIH23,LAPATINIB.TEMOZOLOMIDE,0
UACC62,MRK-003.TEMOZOLOMIDE,1
SKMES1,ERLOTINIB.VINBLASTINE,1
SW620,MRK-003.PD325901,0
HT29,L778123.MK-4827,1
LOVO,DEXAMETHASONE.MRK-003,1
MSTO,SN-38.TEMOZOLOMIDE,0
OVCAR3,MK-4827.ZOLINZA,1
SKOV3,METHOTREXATE.MK-8776,1
MSTO,BEZ-235.DOXORUBICIN,1
HT29,AZD1775.MK-2206,1
HT144,MK-4827.MRK-003,1
HT29,METHOTREXATE.MK-4541,0
A427,LAPATINIB.SUNITINIB,1
OVCAR3,SUNITINIB.VINBLASTINE,1
HT144,CARBOPLATIN.LAPATINIB,0
RPMI7951,L778123.TEMOZOLOMIDE,1
SW620,PD325901.VINORELBINE,0
LOVO,BORTEZOMIB.SORAFENIB,0
SKMES1,ABT-888.VINORELBINE,1
NCIH520,ABT-888.METHOTREXATE,0
NCIH23,GELDANAMYCIN.MK-8776,0
RKO,5-FU.AZD1775,1
HCT116,METHOTREXATE.MK-4541,0
NCIH520,MK-4541.VINBLASTINE,0
A2058,ABT-888.TEMOZOLOMIDE,1
HCT116,BEZ-235.SN-38,1
OCUBM,MK-8776.PD325901,1
HT144,BEZ-235.CARBOPLATIN,0
MSTO,GELDANAMYCIN.L778123,1
NCIH23,SN-38.TEMOZOLOMIDE,0
NCIH2122,ABT-888.MK-5108,1
VCAP,DASATINIB.MK-4541,1
A427,ERLOTINIB.VINORELBINE,0
PA1,L778123.TEMOZOLOMIDE,1
NCIH23,MK-8669.VINBLASTINE,1
VCAP,MK-8776.PD325901,1
A427,BORTEZOMIB.L778123,1
DLD1,GEMCITABINE.MRK-003,0
A2058,GELDANAMYCIN.VINBLASTINE,0
A427,CARBOPLATIN.DASATINIB,1
NCIH2122,DASATINIB.METHOTREXATE,0
MDAMB436,AZD1775.DOXORUBICIN,0
T47D,BORTEZOMIB.MRK-003,1
SKOV3,AZD1775.METFORMIN,1
RPMI7951,ERLOTINIB.SORAFENIB,0
NCIH1650,GELDANAMYCIN.L778123,1
RKO,METHOTREXATE.PD325901,1
HT29,DINACICLIB.GEMCITABINE,0
NCIH520,ERLOTINIB.GELDANAMYCIN,1
RPMI7951,GEMCITABINE.SORAFENIB,1
OCUBM,L778123.OXALIPLATIN,1
NCIH1650,ABT-888.MK-5108,0
OV90,ETOPOSIDE.PD325901,1
UACC62,ETOPOSIDE.MRK-003,1
NCIH1650,LAPATINIB.MK-8669,1
NCIH520,L778123.PD325901,1
UACC62,MITOMYCINE.MK-5108,0
NCIH2122,SUNITINIB.VINBLASTINE,0
NCIH23,SN-38.SORAFENIB,1
ES2,DINACICLIB.SN-38,1
PA1,L778123.METFORMIN,1
RKO,TEMOZOLOMIDE.TOPOTECAN,1
HT144,MRK-003.ZOLINZA,1
HCT116,METFORMIN.SUNITINIB,1
VCAP,DINACICLIB.MK-8776,1
HT144,DINACICLIB.MK-2206,1
HT29,CARBOPLATIN.DINACICLIB,1
SKMES1,ERLOTINIB.SN-38,1
PA1,METFORMIN.MK-5108,1
NCIH1650,ABT-888.SUNITINIB,0
UACC62,ABT-888.SORAFENIB,1
OCUBM,5-FU.DINACICLIB,1
A427,MK-4541.SORAFENIB,1
HT144,ERLOTINIB.TEMOZOLOMIDE,0
SKMEL30,ABT-888.ETOPOSIDE,1
RPMI7951,DASATINIB.VINBLASTINE,1
LOVO,ABT-888.LAPATINIB,1
A2780,ABT-888.MK-5108,1
SW837,BORTEZOMIB.MK-8669,1
NCIH520,ETOPOSIDE.ZOLINZA,0
NCIH2122,MK-2206.VINBLASTINE,1
A375,L778123.VINBLASTINE,1
NCIH2122,MK-4827.SORAFENIB,1
DLD1,ABT-888.AZD1775,1
HT144,DASATINIB.VINBLASTINE,0
NCIH520,DASATINIB.GELDANAMYCIN,1
HT29,GEMCITABINE.SUNITINIB,0
HCT116,LAPATINIB.METFORMIN,0
SKOV3,CARBOPLATIN.MK-4827,0
UWB1289,GELDANAMYCIN.OXALIPLATIN,1
HT29,ERLOTINIB.GEMCITABINE,1
SKMEL30,ABT-888.METFORMIN,1
NCIH520,SUNITINIB.TEMOZOLOMIDE,1
SKMES1,ETOPOSIDE.MRK-003,1
A2058,MK-2206.MK-8669,1
HCT116,LAPATINIB.MRK-003,1
A2780,GELDANAMYCIN.SN-38,0
NCIH1650,CARBOPLATIN.MRK-003,0
OCUBM,DINACICLIB.ERLOTINIB,1
SKMEL30,METFORMIN.MK-8776,1
RPMI7951,BORTEZOMIB.TEMOZOLOMIDE,0
PA1,METFORMIN.ZOLINZA,1
A2058,ABT-888.GELDANAMYCIN,1
UACC62,DASATINIB.MK-4827,1
HCT116,MK-5108.ZOLINZA,1
OV90,MRK-003.TEMOZOLOMIDE,0
HT144,DEXAMETHASONE.ERLOTINIB,0
NCIH520,L778123.VINBLASTINE,1
UWB1289,CARBOPLATIN.ZOLINZA,1
NCIH1650,CARBOPLATIN.MK-8776,0
A427,MRK-003.SUNITINIB,1
A2780,BORTEZOMIB.MK-8776,0
T47D,DASATINIB.VINORELBINE,1
UWB1289,AZD1775.OXALIPLATIN,1
RKO,BEZ-235.DASATINIB,1
SKMEL30,DEXAMETHASONE.ZOLINZA,1
NCIH520,DASATINIB.PD325901,1
ES2,MK-8776.TOPOTECAN,1
SW837,CYCLOPHOSPHAMIDE.MK-5108,0
LOVO,CARBOPLATIN.MK-4541,0
DLD1,CARBOPLATIN.MK-8776,0
A2780,MK-4541.VINORELBINE,0
SKMEL30,ERLOTINIB.MK-5108,1
A375,ABT-888.GEMCITABINE,1
MDAMB436,DASATINIB.GELDANAMYCIN,1
HCT116,GELDANAMYCIN.MK-4827,1
OV90,LAPATINIB.METFORMIN,0
SKOV3,L778123.VINORELBINE,1
HT144,MK-5108.PD325901,1
A2780,BORTEZOMIB.MK-8669,0
DLD1,DASATINIB.GELDANAMYCIN,1
