MDAMB436.MK-4827,ARF6,PARP1,0.1775,gex
MDAMB436.ABT-888,ARF6,PARP1,0.1775,gex
MDAMB436.GEMCITABINE,RRM1,SMAD4,0.5,gex
MDAMB436.GEMCITABINE,SMAD4,TYMS,0.5,gex
MDAMB436.GEMCITABINE,CMPK1,SMAD4,0.5,gex
MDAMB436.MK-2206,AKT1,SMAD4,0.56,gex
MDAMB436.5-FU,SMAD4,TYMS,0.5,gex
MDAMB436.BEZ-235,NCBP2,PIK3CA,0.2,gex
OCUBM.MK-4827,PARP1,RPL13A,0.521,gex
OCUBM.MK-4827,PARP2,RPL13A,0.485,gex
OCUBM.SORAFENIB,PDGFRA,SMARCA1,0.506,gex
OCUBM.SORAFENIB,PDGFRB,SMARCA1,0.506,gex
OCUBM.SORAFENIB,KIT,SMARCA1,0.506,gex
OCUBM.SORAFENIB,PDGFRA,SKP1,0.506,gex
OCUBM.SORAFENIB,PDGFRB,SKP1,0.506,gex
OCUBM.SORAFENIB,KIT,SKP1,0.506,gex
OCUBM.SORAFENIB,CLTA,PDGFRA,0.587,gex
OCUBM.SORAFENIB,CLTA,PDGFRB,0.587,gex
OCUBM.SORAFENIB,CLTA,KIT,0.587,gex
OCUBM.SORAFENIB,KDR,RPL13A,0.512,gex
OCUBM.SORAFENIB,MGAT2,PDGFRA,0.509,gex
OCUBM.SORAFENIB,MGAT2,PDGFRB,0.509,gex
OCUBM.SORAFENIB,KIT,MGAT2,0.509,gex
OCUBM.ABT-888,PARP1,RPL13A,0.521,gex
OCUBM.ABT-888,PARP2,RPL13A,0.485,gex
OCUBM.MK-8669,MTOR,RPL13A,0.542,gex
OCUBM.GEMCITABINE,MAPKAPK3,RRM1,0.473,gex
OCUBM.GEMCITABINE,MAPKAPK3,TYMS,0.473,gex
OCUBM.GEMCITABINE,CMPK1,MAPKAPK3,0.473,gex
OCUBM.GEMCITABINE,RPL13A,RRM1,0.482,gex
OCUBM.SUNITINIB,PDGFRA,SMARCA1,0.506,gex
OCUBM.SUNITINIB,PDGFRB,SMARCA1,0.506,gex
OCUBM.SUNITINIB,KIT,SMARCA1,0.506,gex
OCUBM.SUNITINIB,PDGFRA,SKP1,0.506,gex
OCUBM.SUNITINIB,PDGFRB,SKP1,0.506,gex
OCUBM.SUNITINIB,KIT,SKP1,0.506,gex
OCUBM.SUNITINIB,CLTA,PDGFRA,0.587,gex
OCUBM.SUNITINIB,CLTA,PDGFRB,0.587,gex
OCUBM.SUNITINIB,CLTA,KIT,0.587,gex
OCUBM.SUNITINIB,KDR,RPL13A,0.512,gex
OCUBM.SUNITINIB,MGAT2,PDGFRA,0.509,gex
OCUBM.SUNITINIB,MGAT2,PDGFRB,0.509,gex
OCUBM.SUNITINIB,KIT,MGAT2,0.509,gex
OCUBM.LAPATINIB,EGFR,RPL13A,0.488,gex
OCUBM.DINACICLIB,CDK2,RPL13A,0.545,gex
OCUBM.MK-8776,CHEK1,NPRL2,0.1775,gex
OCUBM.MK-5108,ABCC1,AURKA,0.5,gex
OCUBM.GELDANAMYCIN,HSP90AB1,NDUFAF4,0.2,gex
OCUBM.5-FU,MAPKAPK3,TYMS,0.473,gex
OCUBM.DASATINIB,KIT,SMARCA1,0.506,gex
OCUBM.DASATINIB,KIT,SKP1,0.506,gex
OCUBM.DASATINIB,CLTA,KIT,0.587,gex
OCUBM.DASATINIB,KIT,MGAT2,0.509,gex
OCUBM.BEZ-235,MTOR,RPL13A,0.542,gex
OCUBM.ERLOTINIB,EGFR,RPL13A,0.488,gex
T47D.MK-4827,PARP1,POLD1,0.56,gex
T47D.MK-4827,PARP2,POLD1,0.557,gex
T47D.SORAFENIB,KDR,POLD1,0.554,gex
T47D.SORAFENIB,PDGFRA,SESTD1,0.515,gex
T47D.SORAFENIB,PDGFRB,SESTD1,0.515,gex
T47D.SORAFENIB,KIT,SESTD1,0.515,gex
T47D.ABT-888,PARP1,POLD1,0.56,gex
T47D.ABT-888,PARP2,POLD1,0.557,gex
T47D.MK-8669,MTOR,POLD1,0.545,gex
T47D.GEMCITABINE,POLD1,RRM1,0.53,gex
T47D.SUNITINIB,KDR,POLD1,0.554,gex
T47D.SUNITINIB,PDGFRA,SESTD1,0.515,gex
T47D.SUNITINIB,PDGFRB,SESTD1,0.515,gex
T47D.SUNITINIB,KIT,SESTD1,0.515,gex
T47D.LAPATINIB,EGFR,POLD1,0.554,gex
T47D.LAPATINIB,EGFR,TM4SF1,0.2,gex
T47D.DINACICLIB,CDK2,POLD1,0.551,gex
T47D.DASATINIB,KIT,SESTD1,0.515,gex
T47D.BEZ-235,MTOR,POLD1,0.545,gex
T47D.BEZ-235,DHX15,PIK3CA,0.17,gex
T47D.ERLOTINIB,EGFR,POLD1,0.554,gex
T47D.ERLOTINIB,EGFR,TM4SF1,0.2,gex
HCT116.MK-4827,PARP1,ZBTB32,0.56,gex
HCT116.MK-4827,PARP2,ZBTB32,0.557,gex
HCT116.SORAFENIB,KDR,ZBTB32,0.536,gex
HCT116.SORAFENIB,PDGFRA,ZNF140,0.506,gex
HCT116.SORAFENIB,PDGFRB,ZNF140,0.506,gex
HCT116.SORAFENIB,KIT,ZNF140,0.506,gex
HCT116.ABT-888,PARP1,ZBTB32,0.56,gex
HCT116.ABT-888,PARP2,ZBTB32,0.557,gex
HCT116.MK-8669,MTOR,ZBTB32,0.548,gex
HCT116.GEMCITABINE,RRM1,ZBTB32,0.533,gex
HCT116.SUNITINIB,KDR,ZBTB32,0.536,gex
HCT116.SUNITINIB,PDGFRA,ZNF140,0.506,gex
HCT116.SUNITINIB,PDGFRB,ZNF140,0.506,gex
HCT116.SUNITINIB,KIT,ZNF140,0.506,gex
HCT116.LAPATINIB,EGFR,ZBTB32,0.542,gex
HCT116.LAPATINIB,EGFR,TM4SF1,0.2,gex
HCT116.DINACICLIB,CDK2,ZBTB32,0.557,gex
HCT116.DASATINIB,KIT,ZNF140,0.506,gex
HCT116.BEZ-235,MTOR,ZBTB32,0.548,gex
HCT116.ERLOTINIB,EGFR,ZBTB32,0.542,gex
HCT116.ERLOTINIB,EGFR,TM4SF1,0.2,gex
DLD1.SORAFENIB,PDGFRA,SMARCA1,0.506,gex
DLD1.SORAFENIB,PDGFRB,SMARCA1,0.506,gex
DLD1.SORAFENIB,KIT,SMARCA1,0.506,gex
DLD1.SUNITINIB,PDGFRA,SMARCA1,0.506,gex
DLD1.SUNITINIB,PDGFRB,SMARCA1,0.506,gex
DLD1.SUNITINIB,KIT,SMARCA1,0.506,gex
DLD1.DASATINIB,KIT,SMARCA1,0.506,gex
HT29.MK-4827,PARP1,PARP2,0.273125,gex
HT29.MK-4827,PARP1,WRAP53,0.548,gex
HT29.MK-4827,PARP2,WRAP53,0.545,gex
HT29.SORAFENIB,KDR,PARP2,0.557,gex
HT29.SORAFENIB,PDGFRA,THAP1,0.506,gex
HT29.SORAFENIB,PDGFRB,THAP1,0.506,gex
HT29.SORAFENIB,KIT,THAP1,0.506,gex
HT29.SORAFENIB,KDR,WRAP53,0.515,gex
HT29.ABT-888,PARP1,PARP2,0.273125,gex
HT29.ABT-888,PARP1,WRAP53,0.548,gex
HT29.ABT-888,PARP2,WRAP53,0.545,gex
HT29.MK-8669,MTOR,PARP2,0.557,gex
HT29.MK-8669,MTOR,WRAP53,0.542,gex
HT29.GEMCITABINE,PARP2,RRM1,0.527,gex
HT29.GEMCITABINE,RRM1,WRAP53,0.518,gex
HT29.GEMCITABINE,RRM1,SMAD4,0.5,gex
HT29.GEMCITABINE,SMAD4,TYMS,0.5,gex
HT29.GEMCITABINE,CMPK1,SMAD4,0.5,gex
HT29.GEMCITABINE,PBK,TYMS,0.191,gex
HT29.SUNITINIB,KDR,PARP2,0.557,gex
HT29.SUNITINIB,PDGFRA,THAP1,0.506,gex
HT29.SUNITINIB,PDGFRB,THAP1,0.506,gex
HT29.SUNITINIB,KIT,THAP1,0.506,gex
HT29.SUNITINIB,KDR,WRAP53,0.515,gex
HT29.L778123,FNTA,VDAC3,0.2,gex
HT29.L778123,FNTA,THAP1,0.2,gex
HT29.L778123,FNTA,GOLGA7,0.2,gex
HT29.LAPATINIB,EGFR,PARP2,0.815,gex
HT29.LAPATINIB,EGFR,WRAP53,0.542,gex
HT29.MK-2206,AKT1,SMAD4,0.56,gex
HT29.DINACICLIB,CDK2,WRAP53,0.557,gex
HT29.5-FU,SMAD4,TYMS,0.5,gex
HT29.5-FU,PBK,TYMS,0.191,gex
HT29.DASATINIB,KIT,THAP1,0.506,gex
HT29.BEZ-235,MTOR,PARP2,0.557,gex
HT29.BEZ-235,MTOR,WRAP53,0.542,gex
HT29.ERLOTINIB,EGFR,PARP2,0.815,gex
HT29.ERLOTINIB,EGFR,WRAP53,0.542,gex
LOVO.MK-4827,PARP1,UNG,0.56,gex
LOVO.MK-4827,PARP2,UNG,0.557,gex
LOVO.MK-4827,PARP1,SSBP1,0.512,gex
LOVO.MK-4827,PARP2,SSBP1,0.557,gex
LOVO.MK-4827,GTF2H1,PARP1,0.536,gex
LOVO.MK-4827,GTF2H1,PARP2,0.539,gex
LOVO.MK-4827,PARP1,PIK3CA,0.34334375,gex
LOVO.MK-4827,NAE1,PARP1,0.575,gex
LOVO.MK-4827,NAE1,PARP2,0.611,gex
LOVO.MK-4827,CASP3,PARP1,0.464375,gex
LOVO.MK-4827,CDK5,PARP1,0.304,gex
LOVO.MK-4827,ATR,PARP1,0.4305,gex
LOVO.MK-4827,MTOR,PARP1,0.557,gex
LOVO.MK-4827,MTOR,PARP2,0.557,gex
LOVO.SORAFENIB,GLT8D1,PDGFRA,0.503,gex
LOVO.SORAFENIB,GLT8D1,PDGFRB,0.503,gex
LOVO.SORAFENIB,GLT8D1,KIT,0.503,gex
LOVO.SORAFENIB,KDR,UNG,0.548,gex
LOVO.SORAFENIB,PDGFRA,TRIP11,0.509,gex
LOVO.SORAFENIB,PDGFRB,TRIP11,0.509,gex
LOVO.SORAFENIB,KIT,TRIP11,0.509,gex
LOVO.SORAFENIB,KDR,SSBP1,0.533,gex
LOVO.SORAFENIB,PDGFRA,PPP3CB,0.443,gex
LOVO.SORAFENIB,PDGFRB,PPP3CB,0.443,gex
LOVO.SORAFENIB,KIT,PPP3CB,0.443,gex
LOVO.SORAFENIB,GTF2H1,KDR,0.554,gex
LOVO.SORAFENIB,GGCX,PDGFRA,0.503,gex
LOVO.SORAFENIB,GGCX,PDGFRB,0.503,gex
LOVO.SORAFENIB,GGCX,KIT,0.503,gex
LOVO.SORAFENIB,ABCC10,KDR,0.473,gex
LOVO.SORAFENIB,MBD4,PDGFRA,0.548,gex
LOVO.SORAFENIB,MBD4,PDGFRB,0.548,gex
LOVO.SORAFENIB,KIT,MBD4,0.548,gex
LOVO.SORAFENIB,CAPRIN1,PDGFRA,0.503,gex
LOVO.SORAFENIB,CAPRIN1,PDGFRB,0.503,gex
LOVO.SORAFENIB,CAPRIN1,KIT,0.503,gex
LOVO.SORAFENIB,PDGFRA,ZNF473,0.515,gex
LOVO.SORAFENIB,PDGFRB,ZNF473,0.515,gex
LOVO.SORAFENIB,KIT,ZNF473,0.515,gex
LOVO.SORAFENIB,DLAT,PDGFRA,0.506,gex
LOVO.SORAFENIB,DLAT,PDGFRB,0.506,gex
LOVO.SORAFENIB,DLAT,KIT,0.506,gex
LOVO.SORAFENIB,DCK,KDR,0.473,gex
LOVO.SORAFENIB,API5,PDGFRA,0.506,gex
LOVO.SORAFENIB,API5,PDGFRB,0.506,gex
LOVO.SORAFENIB,API5,KIT,0.506,gex
LOVO.SORAFENIB,PDGFRA,ZNF140,0.506,gex
LOVO.SORAFENIB,PDGFRB,ZNF140,0.506,gex
LOVO.SORAFENIB,KIT,ZNF140,0.506,gex
LOVO.SORAFENIB,CALM1,PDGFRA,0.506,gex
LOVO.SORAFENIB,CALM1,PDGFRB,0.506,gex
LOVO.SORAFENIB,CALM1,KIT,0.506,gex
LOVO.SORAFENIB,KDR,MTOR,0.545,gex
LOVO.ABT-888,PARP1,UNG,0.56,gex
LOVO.ABT-888,PARP2,UNG,0.557,gex
LOVO.ABT-888,PARP1,SSBP1,0.512,gex
LOVO.ABT-888,PARP2,SSBP1,0.557,gex
LOVO.ABT-888,GTF2H1,PARP1,0.536,gex
LOVO.ABT-888,GTF2H1,PARP2,0.539,gex
LOVO.ABT-888,PARP1,PIK3CA,0.34334375,gex
LOVO.ABT-888,NAE1,PARP1,0.575,gex
LOVO.ABT-888,NAE1,PARP2,0.611,gex
LOVO.ABT-888,CASP3,PARP1,0.464375,gex
LOVO.ABT-888,CDK5,PARP1,0.304,gex
LOVO.ABT-888,ATR,PARP1,0.4305,gex
LOVO.ABT-888,MTOR,PARP1,0.557,gex
LOVO.ABT-888,MTOR,PARP2,0.557,gex
LOVO.METFORMIN,NAE1,PRKAB1,0.629,gex
LOVO.MK-8669,MTOR,UNG,0.554,gex
LOVO.MK-8669,MTOR,SSBP1,0.536,gex
LOVO.MK-8669,GTF2H1,MTOR,0.557,gex
LOVO.MK-8669,CREB1,MTOR,0.56,gex
LOVO.MK-8669,MTOR,PIK3CA,0.4305,gex
LOVO.MK-8669,BECN1,MTOR,0.1775,gex
LOVO.MK-8669,MTOR,VHL,0.855,gex
LOVO.MK-8669,CASP3,MTOR,0.273125,gex
LOVO.MK-8669,ATR,MTOR,0.56,gex
LOVO.GEMCITABINE,MAP4K5,RRM1,0.449,gex
LOVO.GEMCITABINE,MAP4K5,TYMS,0.449,gex
LOVO.GEMCITABINE,CMPK1,MAP4K5,0.449,gex
LOVO.GEMCITABINE,ENO1,RRM1,0.194,gex
LOVO.GEMCITABINE,RRM1,UNG,0.527,gex
LOVO.GEMCITABINE,RRM1,SSBP1,0.5,gex
LOVO.GEMCITABINE,GTF2H1,RRM1,0.512,gex
LOVO.GEMCITABINE,MAPKAP1,RRM1,0.455,gex
LOVO.GEMCITABINE,MAPKAP1,TYMS,0.455,gex
LOVO.GEMCITABINE,CMPK1,MAPKAP1,0.455,gex
LOVO.GEMCITABINE,ABCC10,RRM1,0.5,gex
LOVO.GEMCITABINE,KIF11,TYMS,0.203,gex
LOVO.GEMCITABINE,DCK,RRM1,0.5,gex
LOVO.GEMCITABINE,PSMB4,RRM1,0.5,gex
LOVO.GEMCITABINE,PSMB4,TYMS,0.5,gex
LOVO.GEMCITABINE,CMPK1,PSMB4,0.5,gex
LOVO.GEMCITABINE,NAE1,RRM1,0.611,gex
LOVO.GEMCITABINE,NAE1,TYMS,0.5,gex
LOVO.GEMCITABINE,ATR,RRM1,0.62,gex
LOVO.GEMCITABINE,ATR,TYMS,0.62,gex
LOVO.GEMCITABINE,ATR,CMPK1,0.62,gex
LOVO.GEMCITABINE,CALM1,RRM1,0.491,gex
LOVO.GEMCITABINE,CALM1,TYMS,0.491,gex
LOVO.GEMCITABINE,CALM1,CMPK1,0.491,gex
LOVO.GEMCITABINE,MTOR,RRM1,0.536,gex
LOVO.SUNITINIB,GLT8D1,PDGFRA,0.503,gex
LOVO.SUNITINIB,GLT8D1,PDGFRB,0.503,gex
LOVO.SUNITINIB,GLT8D1,KIT,0.503,gex
LOVO.SUNITINIB,KDR,UNG,0.548,gex
LOVO.SUNITINIB,PDGFRA,TRIP11,0.509,gex
LOVO.SUNITINIB,PDGFRB,TRIP11,0.509,gex
LOVO.SUNITINIB,KIT,TRIP11,0.509,gex
LOVO.SUNITINIB,KDR,SSBP1,0.533,gex
LOVO.SUNITINIB,PDGFRA,PPP3CB,0.443,gex
LOVO.SUNITINIB,PDGFRB,PPP3CB,0.443,gex
LOVO.SUNITINIB,KIT,PPP3CB,0.443,gex
LOVO.SUNITINIB,GTF2H1,KDR,0.554,gex
LOVO.SUNITINIB,GGCX,PDGFRA,0.503,gex
LOVO.SUNITINIB,GGCX,PDGFRB,0.503,gex
LOVO.SUNITINIB,GGCX,KIT,0.503,gex
LOVO.SUNITINIB,ABCC10,KDR,0.473,gex
LOVO.SUNITINIB,MBD4,PDGFRA,0.548,gex
LOVO.SUNITINIB,MBD4,PDGFRB,0.548,gex
LOVO.SUNITINIB,KIT,MBD4,0.548,gex
LOVO.SUNITINIB,CAPRIN1,PDGFRA,0.503,gex
LOVO.SUNITINIB,CAPRIN1,PDGFRB,0.503,gex
LOVO.SUNITINIB,CAPRIN1,KIT,0.503,gex
LOVO.SUNITINIB,PDGFRA,ZNF473,0.515,gex
LOVO.SUNITINIB,PDGFRB,ZNF473,0.515,gex
LOVO.SUNITINIB,KIT,ZNF473,0.515,gex
LOVO.SUNITINIB,DLAT,PDGFRA,0.506,gex
LOVO.SUNITINIB,DLAT,PDGFRB,0.506,gex
LOVO.SUNITINIB,DLAT,KIT,0.506,gex
LOVO.SUNITINIB,DCK,KDR,0.473,gex
LOVO.SUNITINIB,API5,PDGFRA,0.506,gex
LOVO.SUNITINIB,API5,PDGFRB,0.506,gex
LOVO.SUNITINIB,API5,KIT,0.506,gex
LOVO.SUNITINIB,PDGFRA,ZNF140,0.506,gex
LOVO.SUNITINIB,PDGFRB,ZNF140,0.506,gex
LOVO.SUNITINIB,KIT,ZNF140,0.506,gex
LOVO.SUNITINIB,CALM1,PDGFRA,0.506,gex
LOVO.SUNITINIB,CALM1,PDGFRB,0.506,gex
LOVO.SUNITINIB,CALM1,KIT,0.506,gex
LOVO.SUNITINIB,KDR,MTOR,0.545,gex
LOVO.ETOPOSIDE,NAE1,TOP2A,0.611,gex
LOVO.ZOLINZA,CASP8AP2,HDAC2,0.2,gex
LOVO.ZOLINZA,HDAC1,NAE1,0.611,gex
LOVO.ZOLINZA,HDAC2,NAE1,0.611,gex
LOVO.ZOLINZA,HDAC3,NAE1,0.575,gex
LOVO.PD325901,MAP2K1,VHL,0.7975,gex
LOVO.L778123,CREB1,PGGT1B,0.173,gex
LOVO.MK-4541,AR,CASP3,0.1775,gex
LOVO.LAPATINIB,EGFR,UNG,0.536,gex
LOVO.LAPATINIB,EGFR,SSBP1,0.512,gex
LOVO.LAPATINIB,EGFR,GTF2H1,0.536,gex
LOVO.LAPATINIB,EGFR,PIK3CA,0.1775,gex
LOVO.LAPATINIB,ERBB2,PIK3CA,0.1775,gex
LOVO.LAPATINIB,ARHGAP1,EGFR,0.1775,gex
LOVO.LAPATINIB,CALM1,EGFR,0.855,gex
LOVO.LAPATINIB,EGFR,MTOR,0.6115,gex
LOVO.MK-2206,AKT1,PIK3CA,0.3982579,gex
LOVO.MK-2206,AKT1,BECN1,0.1775,gex
LOVO.MK-2206,AKT1,NAE1,0.629,gex
LOVO.MK-2206,AKT2,NAE1,0.575,gex
LOVO.MK-2206,AKT1,CASP3,0.273125,gex
LOVO.MK-2206,AKT1,FADD,0.1775,gex
LOVO.MK-2206,AKT1,MTOR,0.56,gex
LOVO.DOXORUBICIN,NAE1,TOP1,0.629,gex
LOVO.DOXORUBICIN,DNMT1,NAE1,0.629,gex
LOVO.DINACICLIB,CDK2,UNG,0.557,gex
LOVO.DINACICLIB,CDK2,SSBP1,0.536,gex
LOVO.DINACICLIB,CDK2,GTF2H1,0.545,gex
LOVO.DINACICLIB,CDK2,NAE1,0.644,gex
LOVO.DINACICLIB,ATR,CDK1,0.1775,gex
LOVO.DINACICLIB,CDK2,MTOR,0.557,gex
LOVO.MK-8776,CHEK1,PIK3CA,0.1775,gex
LOVO.MK-8776,ABCC10,CHEK1,0.647,gex
LOVO.MK-8776,CHEK1,NOL11,0.176,gex
LOVO.MK-8776,CHEK1,NPAT,0.2,gex
LOVO.MK-8776,CHEK1,DCK,0.647,gex
LOVO.MK-8776,CHEK1,NAE1,0.638,gex
LOVO.MK-8776,ATR,CHEK1,0.34334375,gex
LOVO.METHOTREXATE,DHFR,MSH2,0.855,gex
LOVO.METHOTREXATE,DHFR,NAE1,0.5,gex
LOVO.MK-5108,ABCC10,AURKA,0.605,gex
LOVO.MK-5108,AURKA,DCK,0.563,gex
LOVO.MK-5108,AURKA,NAE1,0.611,gex
LOVO.5-FU,MAP4K5,TYMS,0.449,gex
LOVO.5-FU,MAPKAP1,TYMS,0.455,gex
LOVO.5-FU,KIF11,TYMS,0.203,gex
LOVO.5-FU,PSMB4,TYMS,0.5,gex
LOVO.5-FU,NAE1,TYMS,0.5,gex
LOVO.5-FU,ATR,TYMS,0.62,gex
LOVO.5-FU,CALM1,TYMS,0.491,gex
LOVO.DASATINIB,GLT8D1,KIT,0.503,gex
LOVO.DASATINIB,KIT,TRIP11,0.509,gex
LOVO.DASATINIB,KIT,PPP3CB,0.443,gex
LOVO.DASATINIB,GGCX,KIT,0.503,gex
LOVO.DASATINIB,KIT,MBD4,0.548,gex
LOVO.DASATINIB,CAPRIN1,KIT,0.503,gex
LOVO.DASATINIB,KIT,ZNF473,0.515,gex
LOVO.DASATINIB,DLAT,KIT,0.506,gex
LOVO.DASATINIB,CASP3,SRC,0.1775,gex
LOVO.DASATINIB,API5,KIT,0.506,gex
LOVO.DASATINIB,KIT,ZNF140,0.506,gex
LOVO.DASATINIB,CALM1,KIT,0.506,gex
LOVO.AZD1775,NAE1,WEE1,0.611,gex
LOVO.TOPOTECAN,NAE1,TOP1,0.629,gex
LOVO.BEZ-235,LMAN1,PIK3CA,0.167,gex
LOVO.BEZ-235,MTOR,UNG,0.554,gex
LOVO.BEZ-235,MTOR,SSBP1,0.536,gex
LOVO.BEZ-235,GTF2H1,MTOR,0.557,gex
LOVO.BEZ-235,CREB1,MTOR,0.56,gex
LOVO.BEZ-235,PIK3CA,PIK3CB,0.56,gex
LOVO.BEZ-235,MTOR,PIK3CA,0.4305,gex
LOVO.BEZ-235,BECN1,MTOR,0.1775,gex
LOVO.BEZ-235,MTOR,VHL,0.855,gex
LOVO.BEZ-235,PIK3CA,RAB28,0.164,gex
LOVO.BEZ-235,CASP3,PIK3CA,0.1775,gex
LOVO.BEZ-235,CASP3,MTOR,0.273125,gex
LOVO.BEZ-235,ATR,PIK3CA,0.34334375,gex
LOVO.BEZ-235,ATR,MTOR,0.56,gex
LOVO.BEZ-235,MTOR,PIK3CA,0.4305,gex
LOVO.SN-38,NAE1,TOP1,0.629,gex
LOVO.SN-38,NAE1,TOP2A,0.611,gex
LOVO.ERLOTINIB,EGFR,UNG,0.536,gex
LOVO.ERLOTINIB,EGFR,SSBP1,0.512,gex
LOVO.ERLOTINIB,EGFR,GTF2H1,0.536,gex
LOVO.ERLOTINIB,EGFR,PIK3CA,0.1775,gex
LOVO.ERLOTINIB,ARHGAP1,EGFR,0.1775,gex
LOVO.ERLOTINIB,CALM1,EGFR,0.855,gex
LOVO.ERLOTINIB,EGFR,MTOR,0.6115,gex
RKO.MK-4827,MLH1,PARP1,0.273125,gex
RKO.MK-4827,PARP1,USP11,0.1775,gex
RKO.SORAFENIB,PDGFRA,SMARCA1,0.506,gex
RKO.SORAFENIB,PDGFRB,SMARCA1,0.506,gex
RKO.SORAFENIB,KIT,SMARCA1,0.506,gex
RKO.SORAFENIB,LAPTM4B,PDGFRA,0.506,gex
RKO.SORAFENIB,LAPTM4B,PDGFRB,0.506,gex
RKO.SORAFENIB,KIT,LAPTM4B,0.506,gex
RKO.SORAFENIB,PDGFRA,PLOD2,0.503,gex
RKO.SORAFENIB,PDGFRB,PLOD2,0.503,gex
RKO.SORAFENIB,KIT,PLOD2,0.503,gex
RKO.SORAFENIB,CXCR3,PDGFRA,0.509,gex
RKO.SORAFENIB,CXCR3,PDGFRB,0.509,gex
RKO.SORAFENIB,CXCR3,KIT,0.509,gex
RKO.ABT-888,MLH1,PARP1,0.273125,gex
RKO.ABT-888,PARP1,USP11,0.1775,gex
RKO.SUNITINIB,PDGFRA,SMARCA1,0.506,gex
RKO.SUNITINIB,PDGFRB,SMARCA1,0.506,gex
RKO.SUNITINIB,KIT,SMARCA1,0.506,gex
RKO.SUNITINIB,LAPTM4B,PDGFRA,0.506,gex
RKO.SUNITINIB,LAPTM4B,PDGFRB,0.506,gex
RKO.SUNITINIB,KIT,LAPTM4B,0.506,gex
RKO.SUNITINIB,PDGFRA,PLOD2,0.503,gex
RKO.SUNITINIB,PDGFRB,PLOD2,0.503,gex
RKO.SUNITINIB,KIT,PLOD2,0.503,gex
RKO.SUNITINIB,CXCR3,PDGFRA,0.509,gex
RKO.SUNITINIB,CXCR3,PDGFRB,0.509,gex
RKO.SUNITINIB,CXCR3,KIT,0.509,gex
RKO.DOXORUBICIN,MLH1,TOP1,0.1775,gex
RKO.MK-8776,CHEK1,MLH1,0.4305,gex
RKO.DASATINIB,KIT,SMARCA1,0.506,gex
RKO.DASATINIB,KIT,LAPTM4B,0.506,gex
RKO.DASATINIB,KIT,PLOD2,0.503,gex
RKO.DASATINIB,CXCR3,KIT,0.509,gex
RKO.TOPOTECAN,MLH1,TOP1,0.1775,gex
RKO.SN-38,MLH1,TOP1,0.1775,gex
SW620.VINORELBINE,PPP2R5D,TUBB,0.2,gex
SW620.MK-4827,PARP1,STAT3,0.273125,gex
SW620.SORAFENIB,PDGFRA,RAP1A,0.503,gex
SW620.SORAFENIB,PDGFRB,RAP1A,0.503,gex
SW620.SORAFENIB,KIT,RAP1A,0.503,gex
SW620.SORAFENIB,CLTC,PDGFRA,0.524,gex
SW620.SORAFENIB,CLTC,PDGFRB,0.524,gex
SW620.SORAFENIB,CLTC,KIT,0.524,gex
SW620.SORAFENIB,MORC3,PDGFRA,0.506,gex
SW620.SORAFENIB,MORC3,PDGFRB,0.506,gex
SW620.SORAFENIB,KIT,MORC3,0.506,gex
SW620.SORAFENIB,PDGFRA,TLE1,0.509,gex
SW620.SORAFENIB,PDGFRB,TLE1,0.509,gex
SW620.SORAFENIB,KIT,TLE1,0.509,gex
SW620.ABT-888,PARP1,STAT3,0.273125,gex
SW620.GEMCITABINE,RRM1,SMAD4,0.5,gex
SW620.GEMCITABINE,SMAD4,TYMS,0.5,gex
SW620.GEMCITABINE,CMPK1,SMAD4,0.5,gex
SW620.PACLITAXEL,PPP2R5D,TUBB,0.2,gex
SW620.SUNITINIB,PDGFRA,RAP1A,0.503,gex
SW620.SUNITINIB,PDGFRB,RAP1A,0.503,gex
SW620.SUNITINIB,KIT,RAP1A,0.503,gex
SW620.SUNITINIB,CLTC,PDGFRA,0.524,gex
SW620.SUNITINIB,CLTC,PDGFRB,0.524,gex
SW620.SUNITINIB,CLTC,KIT,0.524,gex
SW620.SUNITINIB,MORC3,PDGFRA,0.506,gex
SW620.SUNITINIB,MORC3,PDGFRB,0.506,gex
SW620.SUNITINIB,KIT,MORC3,0.506,gex
SW620.SUNITINIB,PDGFRA,TLE1,0.509,gex
SW620.SUNITINIB,PDGFRB,TLE1,0.509,gex
SW620.SUNITINIB,KIT,TLE1,0.509,gex
SW620.PD325901,DIRC2,MAP2K1,0.56,gex
SW620.LAPATINIB,EGFR,STAT3,0.85,gex
SW620.MK-2206,AKT1,SMAD4,0.56,gex
SW620.MK-5108,AURKA,STAT3,0.56,gex
SW620.5-FU,SMAD4,TYMS,0.5,gex
SW620.DASATINIB,KIT,RAP1A,0.503,gex
SW620.DASATINIB,CLTC,KIT,0.524,gex
SW620.DASATINIB,KIT,MORC3,0.506,gex
SW620.DASATINIB,KIT,TLE1,0.509,gex
SW620.ERLOTINIB,EGFR,STAT3,0.85,gex
SW837.VINORELBINE,PIN1,TUBB,0.176,gex
SW837.SORAFENIB,NUDT3,PDGFRA,0.506,gex
SW837.SORAFENIB,NUDT3,PDGFRB,0.506,gex
SW837.SORAFENIB,KIT,NUDT3,0.506,gex
SW837.SORAFENIB,PDGFRA,THAP1,0.506,gex
SW837.SORAFENIB,PDGFRB,THAP1,0.506,gex
SW837.SORAFENIB,KIT,THAP1,0.506,gex
SW837.GEMCITABINE,MAP3K7,RRM1,0.479,gex
SW837.GEMCITABINE,MAP3K7,TYMS,0.479,gex
SW837.GEMCITABINE,CMPK1,MAP3K7,0.479,gex
SW837.PACLITAXEL,PIN1,TUBB,0.176,gex
SW837.SUNITINIB,NUDT3,PDGFRA,0.506,gex
SW837.SUNITINIB,NUDT3,PDGFRB,0.506,gex
SW837.SUNITINIB,KIT,NUDT3,0.506,gex
SW837.SUNITINIB,PDGFRA,THAP1,0.506,gex
SW837.SUNITINIB,PDGFRB,THAP1,0.506,gex
SW837.SUNITINIB,KIT,THAP1,0.506,gex
SW837.ZOLINZA,HDAC2,RNGTT,0.2,gex
SW837.L778123,FNTA,THAP1,0.2,gex
SW837.DOXORUBICIN,DNMT1,ITGB3BP,0.164,gex
SW837.5-FU,MAP3K7,TYMS,0.479,gex
SW837.DASATINIB,KIT,NUDT3,0.506,gex
SW837.DASATINIB,KIT,THAP1,0.506,gex
NCIH1650.MK-4827,PARP1,PTEN,0.810625,gex
NCIH1650.ABT-888,PARP1,PTEN,0.810625,gex
NCIH1650.MK-8669,MTOR,PTEN,0.9,gex
NCIH1650.GELDANAMYCIN,HSP90AB1,NDUFAF4,0.2,gex
NCIH1650.BEZ-235,PIK3CA,PTEN,0.4305,gex
NCIH1650.BEZ-235,MTOR,PTEN,0.9,gex
NCIH2122.MK-4827,PARP1,USP11,0.1775,gex
NCIH2122.MK-4827,PARP1,PARP2,0.273125,gex
NCIH2122.SORAFENIB,KDR,PARP1,0.554,gex
NCIH2122.ABT-888,PARP1,USP11,0.1775,gex
NCIH2122.ABT-888,PARP1,PARP2,0.273125,gex
NCIH2122.MK-8669,MTOR,PARP1,0.557,gex
NCIH2122.GEMCITABINE,DLGAP4,RRM1,0.5,gex
NCIH2122.GEMCITABINE,DLGAP4,TYMS,0.5,gex
NCIH2122.GEMCITABINE,CMPK1,DLGAP4,0.5,gex
NCIH2122.GEMCITABINE,PARP1,RRM1,0.521,gex
NCIH2122.SUNITINIB,KDR,PARP1,0.554,gex
NCIH2122.LAPATINIB,EGFR,PARP1,0.83359375,gex
NCIH2122.LAPATINIB,ERBB2,PARP1,0.1775,gex
NCIH2122.MK-2206,AKT1,PARP1,0.34334375,gex
NCIH2122.DOXORUBICIN,PARP1,TOP1,0.1775,gex
NCIH2122.DINACICLIB,CDK2,PARP1,0.557,gex
NCIH2122.DINACICLIB,CDK5,PARP1,0.304,gex
NCIH2122.MK-8776,CHEK1,PARP1,0.56,gex
NCIH2122.5-FU,DLGAP4,TYMS,0.5,gex
NCIH2122.TOPOTECAN,PARP1,TOP1,0.1775,gex
NCIH2122.BEZ-235,PARP1,PIK3CA,0.34334375,gex
NCIH2122.BEZ-235,MTOR,PARP1,0.557,gex
NCIH2122.SN-38,PARP1,TOP1,0.1775,gex
NCIH2122.ERLOTINIB,EGFR,PARP1,0.83359375,gex
NCIH23.MK-4827,BID,PARP1,0.545,gex
NCIH23.MK-4827,BID,PARP2,0.551,gex
NCIH23.SORAFENIB,BAD,PDGFRA,0.548,gex
NCIH23.SORAFENIB,BAD,PDGFRB,0.548,gex
NCIH23.SORAFENIB,BAD,KIT,0.548,gex
NCIH23.SORAFENIB,BID,KDR,0.551,gex
NCIH23.SORAFENIB,PDGFRA,RPL5,0.503,gex
NCIH23.SORAFENIB,PDGFRB,RPL5,0.503,gex
NCIH23.SORAFENIB,KIT,RPL5,0.503,gex
NCIH23.ABT-888,BID,PARP1,0.545,gex
NCIH23.ABT-888,BID,PARP2,0.551,gex
NCIH23.MK-8669,BID,MTOR,0.533,gex
NCIH23.GEMCITABINE,BID,RRM1,0.539,gex
NCIH23.SUNITINIB,BAD,PDGFRA,0.548,gex
NCIH23.SUNITINIB,BAD,PDGFRB,0.548,gex
NCIH23.SUNITINIB,BAD,KIT,0.548,gex
NCIH23.SUNITINIB,BID,KDR,0.551,gex
NCIH23.SUNITINIB,PDGFRA,RPL5,0.503,gex
NCIH23.SUNITINIB,PDGFRB,RPL5,0.503,gex
NCIH23.SUNITINIB,KIT,RPL5,0.503,gex
NCIH23.ETOPOSIDE,CRBN,TOP2B,0.2,gex
NCIH23.LAPATINIB,BID,EGFR,0.527,gex
NCIH23.LAPATINIB,EGFR,SMARCA4,0.1775,gex
NCIH23.DINACICLIB,BID,CDK2,0.554,gex
NCIH23.DASATINIB,BAD,KIT,0.548,gex
NCIH23.DASATINIB,KIT,RPL5,0.503,gex
NCIH23.BEZ-235,BID,MTOR,0.533,gex
NCIH23.SN-38,CRBN,TOP2B,0.2,gex
NCIH23.ERLOTINIB,BID,EGFR,0.527,gex
NCIH23.ERLOTINIB,EGFR,SMARCA4,0.1775,gex
A427.MK-4827,PARP1,TOP1,0.1775,gex
A427.ABT-888,PARP1,TOP1,0.1775,gex
A427.MK-4541,AR,MAPK1,0.1775,gex
A427.LAPATINIB,EGFR,SMARCA2,0.1775,gex
A427.LAPATINIB,ABL1,EGFR,0.855,gex
A427.LAPATINIB,EGFR,MAPK1,0.273125,gex
A427.LAPATINIB,ERBB2,MAPK1,0.1775,gex
A427.LAPATINIB,EGFR,SMARCA4,0.1775,gex
A427.MK-2206,AKT1,MAPK1,0.56,gex
A427.MK-8776,CHEK1,TOP1,0.1775,gex
A427.BEZ-235,MAPK1,PIK3CA,0.1775,gex
A427.ERLOTINIB,EGFR,SMARCA2,0.1775,gex
A427.ERLOTINIB,ABL1,EGFR,0.855,gex
A427.ERLOTINIB,EGFR,MAPK1,0.273125,gex
A427.ERLOTINIB,EGFR,SMARCA4,0.1775,gex
NCIH520.MK-4827,NFKB1,PARP1,0.1775,gex
NCIH520.MK-4827,PARP1,TOP1,0.1775,gex
NCIH520.SORAFENIB,CTDSPL,PDGFRA,0.512,gex
NCIH520.SORAFENIB,CTDSPL,PDGFRB,0.512,gex
NCIH520.SORAFENIB,CTDSPL,KIT,0.512,gex
NCIH520.ABT-888,NFKB1,PARP1,0.1775,gex
NCIH520.ABT-888,PARP1,TOP1,0.1775,gex
NCIH520.GEMCITABINE,NEK6,RRM1,0.464,gex
NCIH520.GEMCITABINE,NEK6,TYMS,0.464,gex
NCIH520.GEMCITABINE,CMPK1,NEK6,0.464,gex
NCIH520.SUNITINIB,CTDSPL,PDGFRA,0.512,gex
NCIH520.SUNITINIB,CTDSPL,PDGFRB,0.512,gex
NCIH520.SUNITINIB,CTDSPL,KIT,0.512,gex
NCIH520.LAPATINIB,EGFR,SDC4,0.2,gex
NCIH520.MK-8776,CHEK1,TOP1,0.1775,gex
NCIH520.5-FU,NEK6,TYMS,0.464,gex
NCIH520.DASATINIB,CTDSPL,KIT,0.512,gex
NCIH520.ERLOTINIB,EGFR,SDC4,0.2,gex
SKMES1.MK-4827,KRAS,PARP1,0.1775,gex
SKMES1.SORAFENIB,KIT,KRAS,0.44,gex
SKMES1.SORAFENIB,PDGFRA,UTP14A,0.539,gex
SKMES1.SORAFENIB,PDGFRB,UTP14A,0.539,gex
SKMES1.SORAFENIB,KIT,UTP14A,0.539,gex
SKMES1.ABT-888,KRAS,PARP1,0.1775,gex
SKMES1.MK-8669,KRAS,MTOR,0.461,gex
SKMES1.GEMCITABINE,KRAS,RRM1,0.536,gex
SKMES1.SUNITINIB,KIT,KRAS,0.44,gex
SKMES1.SUNITINIB,PDGFRA,UTP14A,0.539,gex
SKMES1.SUNITINIB,PDGFRB,UTP14A,0.539,gex
SKMES1.SUNITINIB,KIT,UTP14A,0.539,gex
SKMES1.ETOPOSIDE,KRAS,TOP2A,0.458,gex
SKMES1.PD325901,KRAS,MAP2K1,0.458,gex
SKMES1.MK-4541,AR,KRAS,0.44,gex
SKMES1.LAPATINIB,EGFR,KRAS,0.85,gex
SKMES1.MK-2206,AKT1,XIAP,0.1775,gex
SKMES1.DOXORUBICIN,KRAS,TOP1,0.855,gex
SKMES1.DINACICLIB,CDK2,KRAS,0.1775,gex
SKMES1.DINACICLIB,CDK9,KRAS,0.443,gex
SKMES1.DASATINIB,KIT,KRAS,0.44,gex
SKMES1.DASATINIB,KIT,UTP14A,0.539,gex
SKMES1.TOPOTECAN,KRAS,TOP1,0.855,gex
SKMES1.BEZ-235,KRAS,MTOR,0.461,gex
SKMES1.BEZ-235,ACP1,PIK3CA,0.17,gex
SKMES1.SN-38,KRAS,TOP1,0.855,gex
SKMES1.SN-38,KRAS,TOP2A,0.458,gex
SKMES1.ERLOTINIB,EGFR,KRAS,0.85,gex
MSTO.MK-4827,PARP1,STAG1,0.855,gex
MSTO.MK-4827,PARP2,STAG1,0.855,gex
MSTO.SORAFENIB,PDGFRA,PGLS,0.581,gex
MSTO.SORAFENIB,PDGFRB,PGLS,0.581,gex
MSTO.SORAFENIB,KIT,PGLS,0.581,gex
MSTO.ABT-888,PARP1,STAG1,0.855,gex
MSTO.ABT-888,PARP2,STAG1,0.855,gex
MSTO.SUNITINIB,PDGFRA,PGLS,0.581,gex
MSTO.SUNITINIB,PDGFRB,PGLS,0.581,gex
MSTO.SUNITINIB,KIT,PGLS,0.581,gex
MSTO.DASATINIB,KIT,PGLS,0.581,gex
A2058.SORAFENIB,PDGFRA,TJP1,0.527,gex
A2058.SORAFENIB,PDGFRB,TJP1,0.527,gex
A2058.SORAFENIB,KIT,TJP1,0.527,gex
A2058.SUNITINIB,PDGFRA,TJP1,0.527,gex
A2058.SUNITINIB,PDGFRB,TJP1,0.527,gex
A2058.SUNITINIB,KIT,TJP1,0.527,gex
A2058.MK-2206,AKT1,KEAP1,0.56,gex
A2058.DASATINIB,KIT,TJP1,0.527,gex
A375.MK-4827,MYC,PARP1,0.1775,gex
A375.SORAFENIB,PDGFRA,TJP1,0.527,gex
A375.SORAFENIB,PDGFRB,TJP1,0.527,gex
A375.SORAFENIB,KIT,TJP1,0.527,gex
A375.SORAFENIB,KIT,MYC,0.1775,gex
A375.SORAFENIB,CALM1,PDGFRA,0.506,gex
A375.SORAFENIB,CALM1,PDGFRB,0.506,gex
A375.SORAFENIB,CALM1,KIT,0.506,gex
A375.ABT-888,MYC,PARP1,0.1775,gex
A375.METFORMIN,MYC,PRKAB1,0.548,gex
A375.MK-8669,ATG5,MTOR,0.1775,gex
A375.MK-8669,MTOR,MYC,0.7625,gex
A375.GEMCITABINE,BARD1,TYMS,0.2,gex
A375.GEMCITABINE,CALM1,RRM1,0.491,gex
A375.GEMCITABINE,CALM1,TYMS,0.491,gex
A375.GEMCITABINE,CALM1,CMPK1,0.491,gex
A375.SUNITINIB,PDGFRA,TJP1,0.527,gex
A375.SUNITINIB,PDGFRB,TJP1,0.527,gex
A375.SUNITINIB,KIT,TJP1,0.527,gex
A375.SUNITINIB,KIT,MYC,0.1775,gex
A375.SUNITINIB,CALM1,PDGFRA,0.506,gex
A375.SUNITINIB,CALM1,PDGFRB,0.506,gex
A375.SUNITINIB,CALM1,KIT,0.506,gex
A375.LAPATINIB,EGFR,MYC,0.1775,gex
A375.LAPATINIB,ERBB2,MYC,0.1775,gex
A375.LAPATINIB,CALM1,EGFR,0.855,gex
A375.MK-2206,AKT1,ATG5,0.1775,gex
A375.DINACICLIB,CDK1,MYC,0.8325,gex
A375.DINACICLIB,CDK2,MYC,0.8325,gex
A375.MK-8776,CHEK1,MYC,0.4305,gex
A375.MK-5108,AURKA,ECT2,0.2,gex
A375.5-FU,BARD1,TYMS,0.2,gex
A375.5-FU,CALM1,TYMS,0.491,gex
A375.DASATINIB,KIT,TJP1,0.527,gex
A375.DASATINIB,KIT,MYC,0.1775,gex
A375.DASATINIB,CALM1,KIT,0.506,gex
A375.BEZ-235,ATG5,MTOR,0.1775,gex
A375.BEZ-235,MYC,PIK3CA,0.56,gex
A375.BEZ-235,MTOR,MYC,0.7625,gex
A375.ERLOTINIB,EGFR,MYC,0.1775,gex
A375.ERLOTINIB,CALM1,EGFR,0.855,gex
HT144.VINORELBINE,TUBA1B,TUBB,0.194,gex
HT144.MK-4827,CHEK1,PARP1,0.56,gex
HT144.MK-4827,PARP1,USP1,0.542,gex
HT144.MK-4827,PARP2,USP1,0.545,gex
HT144.MK-4827,H2AFX,PARP1,0.1775,gex
HT144.SORAFENIB,KDR,USP1,0.551,gex
HT144.ABT-888,CHEK1,PARP1,0.56,gex
HT144.ABT-888,PARP1,USP1,0.542,gex
HT144.ABT-888,PARP2,USP1,0.545,gex
HT144.ABT-888,H2AFX,PARP1,0.1775,gex
HT144.MK-8669,MTOR,USP1,0.518,gex
HT144.GEMCITABINE,CHEK1,RRM1,0.647,gex
HT144.GEMCITABINE,CHEK1,TYMS,0.647,gex
HT144.GEMCITABINE,CHEK1,CMPK1,0.647,gex
HT144.GEMCITABINE,CMPK1,GPBP1L1,0.2,gex
HT144.GEMCITABINE,RRM1,USP1,0.509,gex
HT144.PACLITAXEL,TUBA1B,TUBB,0.194,gex
HT144.SUNITINIB,KDR,USP1,0.551,gex
HT144.LAPATINIB,EGFR,USP1,0.518,gex
HT144.DOXORUBICIN,DNMT1,STIL,0.2,gex
HT144.DOXORUBICIN,CHEK1,TOP1,0.1775,gex
HT144.DINACICLIB,CDK1,STIL,0.203,gex
HT144.DINACICLIB,CDK1,CHEK1,0.1775,gex
HT144.DINACICLIB,CDK2,USP1,0.539,gex
HT144.MK-5108,AURKA,KIF2C,0.167,gex
HT144.5-FU,CHEK1,TYMS,0.647,gex
HT144.TOPOTECAN,CHEK1,TOP1,0.1775,gex
HT144.BEZ-235,CHEK1,PIK3CA,0.1775,gex
HT144.BEZ-235,MTOR,USP1,0.518,gex
HT144.SN-38,CHEK1,TOP1,0.1775,gex
HT144.ERLOTINIB,EGFR,USP1,0.518,gex
RPMI7951.MK-4827,PARP1,SSBP1,0.512,gex
RPMI7951.MK-4827,PARP2,SSBP1,0.557,gex
RPMI7951.MK-4827,HNRNPU,PARP1,0.2,gex
RPMI7951.MK-4827,PARP1,PTEN,0.810625,gex
RPMI7951.MK-4827,PARP1,POLE,0.548,gex
RPMI7951.MK-4827,PARP2,POLE,0.536,gex
RPMI7951.SORAFENIB,KDR,SSBP1,0.533,gex
RPMI7951.SORAFENIB,EDF1,PDGFRA,0.506,gex
RPMI7951.SORAFENIB,EDF1,PDGFRB,0.506,gex
RPMI7951.SORAFENIB,EDF1,KIT,0.506,gex
RPMI7951.SORAFENIB,PDGFRA,SKP1,0.506,gex
RPMI7951.SORAFENIB,PDGFRB,SKP1,0.506,gex
RPMI7951.SORAFENIB,KIT,SKP1,0.506,gex
RPMI7951.SORAFENIB,CLTA,PDGFRA,0.587,gex
RPMI7951.SORAFENIB,CLTA,PDGFRB,0.587,gex
RPMI7951.SORAFENIB,CLTA,KIT,0.587,gex
RPMI7951.SORAFENIB,KDR,POLE,0.503,gex
RPMI7951.ABT-888,PARP1,SSBP1,0.512,gex
RPMI7951.ABT-888,PARP2,SSBP1,0.557,gex
RPMI7951.ABT-888,HNRNPU,PARP1,0.2,gex
RPMI7951.ABT-888,PARP1,PTEN,0.810625,gex
RPMI7951.ABT-888,PARP1,POLE,0.548,gex
RPMI7951.ABT-888,PARP2,POLE,0.536,gex
RPMI7951.MK-8669,MTOR,SSBP1,0.536,gex
RPMI7951.MK-8669,MTOR,RPS6KB1,0.1775,gex
RPMI7951.MK-8669,MTOR,PTEN,0.9,gex
RPMI7951.MK-8669,MTOR,POLE,0.542,gex
RPMI7951.GEMCITABINE,RRM1,SSBP1,0.5,gex
RPMI7951.GEMCITABINE,POLE,RRM1,0.509,gex
RPMI7951.SUNITINIB,KDR,SSBP1,0.533,gex
RPMI7951.SUNITINIB,EDF1,PDGFRA,0.506,gex
RPMI7951.SUNITINIB,EDF1,PDGFRB,0.506,gex
RPMI7951.SUNITINIB,EDF1,KIT,0.506,gex
RPMI7951.SUNITINIB,PDGFRA,SKP1,0.506,gex
RPMI7951.SUNITINIB,PDGFRB,SKP1,0.506,gex
RPMI7951.SUNITINIB,KIT,SKP1,0.506,gex
RPMI7951.SUNITINIB,CLTA,PDGFRA,0.587,gex
RPMI7951.SUNITINIB,CLTA,PDGFRB,0.587,gex
RPMI7951.SUNITINIB,CLTA,KIT,0.587,gex
RPMI7951.SUNITINIB,KDR,POLE,0.503,gex
RPMI7951.ZOLINZA,HDAC2,MATR3,0.167,gex
RPMI7951.L778123,DNM1L,PGGT1B,0.173,gex
RPMI7951.LAPATINIB,EGFR,SSBP1,0.512,gex
RPMI7951.LAPATINIB,EGFR,POLE,0.533,gex
RPMI7951.DINACICLIB,CDK2,SSBP1,0.536,gex
RPMI7951.DINACICLIB,CDK2,POLE,0.557,gex
RPMI7951.DASATINIB,EDF1,KIT,0.506,gex
RPMI7951.DASATINIB,KIT,SKP1,0.506,gex
RPMI7951.DASATINIB,CLTA,KIT,0.587,gex
RPMI7951.BEZ-235,MTOR,SSBP1,0.536,gex
RPMI7951.BEZ-235,PIK3CA,RPS6KB1,0.2,gex
RPMI7951.BEZ-235,MTOR,RPS6KB1,0.1775,gex
RPMI7951.BEZ-235,PIK3CA,PTEN,0.4305,gex
RPMI7951.BEZ-235,MTOR,PTEN,0.9,gex
RPMI7951.BEZ-235,MTOR,POLE,0.542,gex
RPMI7951.ERLOTINIB,EGFR,SSBP1,0.512,gex
RPMI7951.ERLOTINIB,EGFR,POLE,0.533,gex
SKMEL30.MK-4827,PARP1,POLD1,0.56,gex
SKMEL30.MK-4827,PARP2,POLD1,0.557,gex
SKMEL30.MK-4827,PARP1,RAD50,0.1775,gex
SKMEL30.SORAFENIB,KDR,POLD1,0.554,gex
SKMEL30.SORAFENIB,PDGFRA,TRIM24,0.509,gex
SKMEL30.SORAFENIB,PDGFRB,TRIM24,0.509,gex
SKMEL30.SORAFENIB,KIT,TRIM24,0.509,gex
SKMEL30.ABT-888,PARP1,POLD1,0.56,gex
SKMEL30.ABT-888,PARP2,POLD1,0.557,gex
SKMEL30.ABT-888,PARP1,RAD50,0.1775,gex
SKMEL30.MK-8669,MTOR,POLD1,0.545,gex
SKMEL30.GEMCITABINE,POLD1,RRM1,0.53,gex
SKMEL30.SUNITINIB,KDR,POLD1,0.554,gex
SKMEL30.SUNITINIB,PDGFRA,TRIM24,0.509,gex
SKMEL30.SUNITINIB,PDGFRB,TRIM24,0.509,gex
SKMEL30.SUNITINIB,KIT,TRIM24,0.509,gex
SKMEL30.ETOPOSIDE,CENPF,TOP2A,0.224,gex
SKMEL30.LAPATINIB,EGFR,POLD1,0.554,gex
SKMEL30.LAPATINIB,CENPE,ERBB2,0.1775,gex
SKMEL30.LAPATINIB,EGFR,PTPRF,0.2,gex
SKMEL30.DINACICLIB,CDK2,POLD1,0.551,gex
SKMEL30.MK-8776,CHEK1,RAD50,0.4305,gex
SKMEL30.MK-8776,CHEK1,SMC2,0.2,gex
SKMEL30.METHOTREXATE,DHFR,SMC2,0.182,gex
SKMEL30.DASATINIB,KIT,TRIM24,0.509,gex
SKMEL30.BEZ-235,MTOR,POLD1,0.545,gex
SKMEL30.SN-38,CENPF,TOP2A,0.224,gex
SKMEL30.ERLOTINIB,EGFR,POLD1,0.554,gex
SKMEL30.ERLOTINIB,EGFR,PTPRF,0.2,gex
UACC62.MK-4827,MAPK8,PARP1,0.273125,gex
UACC62.SORAFENIB,FLT3,MAPK8,0.56,gex
UACC62.SORAFENIB,NFATC2IP,PDGFRA,0.44,gex
UACC62.SORAFENIB,NFATC2IP,PDGFRB,0.44,gex
UACC62.SORAFENIB,KIT,NFATC2IP,0.44,gex
UACC62.ABT-888,MAPK8,PARP1,0.273125,gex
UACC62.SUNITINIB,FLT3,MAPK8,0.56,gex
UACC62.SUNITINIB,NFATC2IP,PDGFRA,0.44,gex
UACC62.SUNITINIB,NFATC2IP,PDGFRB,0.44,gex
UACC62.SUNITINIB,KIT,NFATC2IP,0.44,gex
UACC62.MK-4541,AR,MAPK8,0.1775,gex
UACC62.MK-2206,AKT1,MAPK8,0.56,gex
UACC62.DINACICLIB,CDK1,HNRNPF,0.2,gex
UACC62.DASATINIB,KIT,NFATC2IP,0.44,gex
A2780.MK-4827,CDK6,PARP1,0.557,gex
A2780.MK-4827,JUN,PARP1,0.273125,gex
A2780.SORAFENIB,CDK6,KDR,0.554,gex
A2780.SORAFENIB,PDGFRA,SAT1,0.512,gex
A2780.SORAFENIB,PDGFRB,SAT1,0.512,gex
A2780.SORAFENIB,KIT,SAT1,0.512,gex
A2780.SORAFENIB,PDGFRA,PPP3CA,0.44,gex
A2780.SORAFENIB,PDGFRB,PPP3CA,0.44,gex
A2780.SORAFENIB,KIT,PPP3CA,0.44,gex
A2780.ABT-888,CDK6,PARP1,0.557,gex
A2780.ABT-888,JUN,PARP1,0.273125,gex
A2780.MK-8669,CDK6,MTOR,0.539,gex
A2780.GEMCITABINE,MAP3K1,RRM1,0.5,gex
A2780.GEMCITABINE,MAP3K1,TYMS,0.5,gex
A2780.GEMCITABINE,CMPK1,MAP3K1,0.5,gex
A2780.GEMCITABINE,CDK6,RRM1,0.521,gex
A2780.GEMCITABINE,NEK6,RRM1,0.464,gex
A2780.GEMCITABINE,NEK6,TYMS,0.464,gex
A2780.GEMCITABINE,CMPK1,NEK6,0.464,gex
A2780.SUNITINIB,CDK6,KDR,0.554,gex
A2780.SUNITINIB,PDGFRA,SAT1,0.512,gex
A2780.SUNITINIB,PDGFRB,SAT1,0.512,gex
A2780.SUNITINIB,KIT,SAT1,0.512,gex
A2780.SUNITINIB,PDGFRA,PPP3CA,0.44,gex
A2780.SUNITINIB,PDGFRB,PPP3CA,0.44,gex
A2780.SUNITINIB,KIT,PPP3CA,0.44,gex
A2780.PD325901,CDK6,MAP2K1,0.4305,gex
A2780.MK-4541,AR,JUN,0.1775,gex
A2780.LAPATINIB,CDK6,EGFR,0.548,gex
A2780.LAPATINIB,ERBB2,TPD52L1,0.173,gex
A2780.LAPATINIB,EGFR,SDC4,0.2,gex
A2780.MK-2206,AKT1,CDK6,0.56,gex
A2780.MK-2206,AKT1,JUN,0.1775,gex
A2780.DINACICLIB,CDK2,CDK6,0.6385,gex
A2780.5-FU,MAP3K1,TYMS,0.5,gex
A2780.5-FU,NEK6,TYMS,0.464,gex
A2780.DASATINIB,KIT,SAT1,0.512,gex
A2780.DASATINIB,KIT,PPP3CA,0.44,gex
A2780.BEZ-235,CDK6,PIK3CA,0.56,gex
A2780.BEZ-235,CDK6,MTOR,0.539,gex
A2780.ERLOTINIB,CDK6,EGFR,0.548,gex
A2780.ERLOTINIB,EGFR,SDC4,0.2,gex
ES2.SORAFENIB,PDGFRA,ZNF140,0.506,gex
ES2.SORAFENIB,PDGFRB,ZNF140,0.506,gex
ES2.SORAFENIB,KIT,ZNF140,0.506,gex
ES2.SUNITINIB,PDGFRA,ZNF140,0.506,gex
ES2.SUNITINIB,PDGFRB,ZNF140,0.506,gex
ES2.SUNITINIB,KIT,ZNF140,0.506,gex
ES2.LAPATINIB,EGFR,PRKCZ,0.855,gex
ES2.DASATINIB,KIT,ZNF140,0.506,gex
ES2.ERLOTINIB,EGFR,PRKCZ,0.855,gex
OV90.SORAFENIB,ACSL1,PDGFRA,0.551,gex
OV90.SORAFENIB,ACSL1,PDGFRB,0.551,gex
OV90.SORAFENIB,ACSL1,KIT,0.551,gex
OV90.GEMCITABINE,MAPKAPK3,RRM1,0.473,gex
OV90.GEMCITABINE,MAPKAPK3,TYMS,0.473,gex
OV90.GEMCITABINE,CMPK1,MAPKAPK3,0.473,gex
OV90.SUNITINIB,ACSL1,PDGFRA,0.551,gex
OV90.SUNITINIB,ACSL1,PDGFRB,0.551,gex
OV90.SUNITINIB,ACSL1,KIT,0.551,gex
OV90.MK-5108,AURKA,MAP4,0.5,gex
OV90.5-FU,MAPKAPK3,TYMS,0.473,gex
OV90.DASATINIB,ACSL1,KIT,0.551,gex
OVCAR3.SORAFENIB,PDGFRA,UBE3A,0.509,gex
OVCAR3.SORAFENIB,PDGFRB,UBE3A,0.509,gex
OVCAR3.SORAFENIB,KIT,UBE3A,0.509,gex
OVCAR3.SUNITINIB,PDGFRA,UBE3A,0.509,gex
OVCAR3.SUNITINIB,PDGFRB,UBE3A,0.509,gex
OVCAR3.SUNITINIB,KIT,UBE3A,0.509,gex
OVCAR3.DASATINIB,KIT,UBE3A,0.509,gex
PA1.MK-4827,NFKB1,PARP1,0.1775,gex
PA1.MK-4827,PARP1,RELA,0.548,gex
PA1.MK-4827,PARP2,RELA,0.554,gex
PA1.SORAFENIB,ACSL1,PDGFRA,0.551,gex
PA1.SORAFENIB,ACSL1,PDGFRB,0.551,gex
PA1.SORAFENIB,ACSL1,KIT,0.551,gex
PA1.SORAFENIB,CMPK1,KDR,0.473,gex
PA1.SORAFENIB,KDR,RELA,0.542,gex
PA1.ABT-888,NFKB1,PARP1,0.1775,gex
PA1.ABT-888,PARP1,RELA,0.548,gex
PA1.ABT-888,PARP2,RELA,0.554,gex
PA1.MK-8669,MTOR,RELA,0.56,gex
PA1.GEMCITABINE,CMPK1,RRM1,0.5,gex
PA1.GEMCITABINE,RELA,RRM1,0.512,gex
PA1.SUNITINIB,ACSL1,PDGFRA,0.551,gex
PA1.SUNITINIB,ACSL1,PDGFRB,0.551,gex
PA1.SUNITINIB,ACSL1,KIT,0.551,gex
PA1.SUNITINIB,CMPK1,KDR,0.473,gex
PA1.SUNITINIB,KDR,RELA,0.542,gex
PA1.L778123,FNTA,TMED2,0.167,gex
PA1.LAPATINIB,EGFR,TM4SF1,0.2,gex
PA1.LAPATINIB,EGFR,RELA,0.542,gex
PA1.DINACICLIB,CDK1,HNRNPF,0.2,gex
PA1.DINACICLIB,CDK2,RELA,0.554,gex
PA1.MK-8776,CHEK1,CMPK1,0.647,gex
PA1.MK-5108,AURKA,CMPK1,0.563,gex
PA1.DASATINIB,ACSL1,KIT,0.551,gex
PA1.BEZ-235,MTOR,RELA,0.56,gex
PA1.ERLOTINIB,EGFR,TM4SF1,0.2,gex
PA1.ERLOTINIB,EGFR,RELA,0.542,gex
SKOV3.VINORELBINE,TUBA1B,TUBB,0.194,gex
SKOV3.MK-4827,MRE11A,PARP1,0.1775,gex
SKOV3.MK-4827,PARP1,RAD51,0.85,gex
SKOV3.MK-4827,PARP2,RAD51,0.536,gex
SKOV3.MK-4827,DLGAP5,PARP2,0.2,gex
SKOV3.MK-4827,CDK4,PARP1,0.6355,gex
SKOV3.MK-4827,CDK4,PARP2,0.554,gex
SKOV3.MK-4827,NHP2,PARP1,0.545,gex
SKOV3.MK-4827,CHEK1,PARP1,0.56,gex
SKOV3.MK-4827,KIAA1524,PARP1,0.1775,gex
SKOV3.MK-4827,PARP1,RAD21,0.855,gex
SKOV3.MK-4827,PARP2,RAD21,0.855,gex
SKOV3.MK-4827,PARP1,RRM1,0.521,gex
SKOV3.MK-4827,PARP2,RRM1,0.527,gex
SKOV3.MK-4827,PARP1,RAD9A,0.56,gex
SKOV3.MK-4827,PARP2,RAD9A,0.53,gex
SKOV3.MK-4827,PARP1,POLE,0.548,gex
SKOV3.MK-4827,PARP2,POLE,0.536,gex
SKOV3.SORAFENIB,DBF4,PDGFRA,0.557,gex
SKOV3.SORAFENIB,DBF4,PDGFRB,0.557,gex
SKOV3.SORAFENIB,DBF4,KIT,0.557,gex
SKOV3.SORAFENIB,KDR,RAD51,0.548,gex
SKOV3.SORAFENIB,CDK4,KDR,0.551,gex
SKOV3.SORAFENIB,KDR,NHP2,0.53,gex
SKOV3.SORAFENIB,PDGFRB,WEE1,0.1775,gex
SKOV3.SORAFENIB,KDR,WEE1,0.1775,gex
SKOV3.SORAFENIB,KDR,RRM1,0.675,gex
SKOV3.SORAFENIB,KDR,RAD9A,0.548,gex
SKOV3.SORAFENIB,KDR,TYMS,0.473,gex
SKOV3.SORAFENIB,KDR,POLE,0.503,gex
SKOV3.ABT-888,MRE11A,PARP1,0.1775,gex
SKOV3.ABT-888,PARP1,RAD51,0.85,gex
SKOV3.ABT-888,PARP2,RAD51,0.536,gex
SKOV3.ABT-888,DLGAP5,PARP2,0.2,gex
SKOV3.ABT-888,CDK4,PARP1,0.6355,gex
SKOV3.ABT-888,CDK4,PARP2,0.554,gex
SKOV3.ABT-888,NHP2,PARP1,0.545,gex
SKOV3.ABT-888,CHEK1,PARP1,0.56,gex
SKOV3.ABT-888,KIAA1524,PARP1,0.1775,gex
SKOV3.ABT-888,PARP1,RAD21,0.855,gex
SKOV3.ABT-888,PARP2,RAD21,0.855,gex
SKOV3.ABT-888,PARP1,RRM1,0.521,gex
SKOV3.ABT-888,PARP2,RRM1,0.527,gex
SKOV3.ABT-888,PARP1,RAD9A,0.56,gex
SKOV3.ABT-888,PARP2,RAD9A,0.53,gex
SKOV3.ABT-888,PARP1,POLE,0.548,gex
SKOV3.ABT-888,PARP2,POLE,0.536,gex
SKOV3.MK-8669,MTOR,RAD51,0.554,gex
SKOV3.MK-8669,CDK4,MTOR,0.557,gex
SKOV3.MK-8669,MTOR,NHP2,0.557,gex
SKOV3.MK-8669,MTOR,RRM1,0.536,gex
SKOV3.MK-8669,MTOR,RAD9A,0.554,gex
SKOV3.MK-8669,MTOR,POLE,0.542,gex
SKOV3.GEMCITABINE,RAD51,RRM1,0.5,gex
SKOV3.GEMCITABINE,ASPM,RRM1,0.5,gex
SKOV3.GEMCITABINE,ASPM,TYMS,0.5,gex
SKOV3.GEMCITABINE,ASPM,CMPK1,0.5,gex
SKOV3.GEMCITABINE,LRRC40,RRM1,0.17,gex
SKOV3.GEMCITABINE,AURKA,RRM1,0.563,gex
SKOV3.GEMCITABINE,AURKA,TYMS,0.563,gex
SKOV3.GEMCITABINE,AURKA,CMPK1,0.563,gex
SKOV3.GEMCITABINE,CKS2,RRM1,0.452,gex
SKOV3.GEMCITABINE,CKS2,TYMS,0.452,gex
SKOV3.GEMCITABINE,CKS2,CMPK1,0.452,gex
SKOV3.GEMCITABINE,CSE1L,RRM1,0.5,gex
SKOV3.GEMCITABINE,CSE1L,TYMS,0.5,gex
SKOV3.GEMCITABINE,CMPK1,CSE1L,0.5,gex
SKOV3.GEMCITABINE,DUT,TYMS,0.56,gex
SKOV3.GEMCITABINE,CDK4,RRM1,0.521,gex
SKOV3.GEMCITABINE,KIF11,TYMS,0.203,gex
SKOV3.GEMCITABINE,BARD1,TYMS,0.2,gex
SKOV3.GEMCITABINE,NHP2,RRM1,0.515,gex
SKOV3.GEMCITABINE,CHEK1,RRM1,0.647,gex
SKOV3.GEMCITABINE,CHEK1,TYMS,0.647,gex
SKOV3.GEMCITABINE,CHEK1,CMPK1,0.647,gex
SKOV3.GEMCITABINE,RRM1,TOPBP1,0.191,gex
SKOV3.GEMCITABINE,RRM1,TYMS,0.5,gex
SKOV3.GEMCITABINE,CMPK1,RRM1,0.5,gex
SKOV3.GEMCITABINE,PBK,TYMS,0.191,gex
SKOV3.GEMCITABINE,RAD9A,RRM1,0.536,gex
SKOV3.GEMCITABINE,RRM1,TYMS,0.5,gex
SKOV3.GEMCITABINE,POLE,RRM1,0.509,gex
SKOV3.PACLITAXEL,TUBA1B,TUBB,0.194,gex
SKOV3.SUNITINIB,DBF4,PDGFRA,0.557,gex
SKOV3.SUNITINIB,DBF4,PDGFRB,0.557,gex
SKOV3.SUNITINIB,DBF4,KIT,0.557,gex
SKOV3.SUNITINIB,KDR,RAD51,0.548,gex
SKOV3.SUNITINIB,CDK4,KDR,0.551,gex
SKOV3.SUNITINIB,KDR,NHP2,0.53,gex
SKOV3.SUNITINIB,PDGFRB,WEE1,0.1775,gex
SKOV3.SUNITINIB,KDR,WEE1,0.1775,gex
SKOV3.SUNITINIB,KDR,RRM1,0.675,gex
SKOV3.SUNITINIB,KDR,RAD9A,0.548,gex
SKOV3.SUNITINIB,KDR,TYMS,0.473,gex
SKOV3.SUNITINIB,KDR,POLE,0.503,gex
SKOV3.ETOPOSIDE,RAD51,TOP2A,0.212,gex
SKOV3.ETOPOSIDE,POLE2,TOP2A,0.2,gex
SKOV3.ETOPOSIDE,STMN1,TOP2A,0.209,gex
SKOV3.ETOPOSIDE,CENPF,TOP2A,0.224,gex
SKOV3.ETOPOSIDE,ATAD2,TOP2A,0.2,gex
SKOV3.L778123,FNTA,GTF2B,0.155,gex
SKOV3.LAPATINIB,EGFR,RAD51,0.515,gex
SKOV3.LAPATINIB,AURKA,EGFR,0.8325,gex
SKOV3.LAPATINIB,CDK4,EGFR,0.545,gex
SKOV3.LAPATINIB,CENPE,ERBB2,0.1775,gex
SKOV3.LAPATINIB,EGFR,NHP2,0.536,gex
SKOV3.LAPATINIB,EGFR,KIAA1524,0.56,gex
SKOV3.LAPATINIB,EGFR,RRM1,0.521,gex
SKOV3.LAPATINIB,EGFR,RAD9A,0.554,gex
SKOV3.LAPATINIB,EGFR,POLE,0.533,gex
SKOV3.MK-2206,AKT1,CDK4,0.56,gex
SKOV3.MK-2206,AKT1,KIAA1524,0.304,gex
SKOV3.MK-2206,AKT1,MAD2L1,0.1775,gex
SKOV3.MK-2206,AKT1,RRM2,0.1775,gex
SKOV3.DOXORUBICIN,DNMT1,STIL,0.2,gex
SKOV3.DOXORUBICIN,CHEK1,TOP1,0.1775,gex
SKOV3.DINACICLIB,CDK2,RAD51,0.551,gex
SKOV3.DINACICLIB,CDK2,RAD51AP1,0.2,gex
SKOV3.DINACICLIB,CDK1,STIL,0.203,gex
SKOV3.DINACICLIB,CDK2,CDK4,0.6355,gex
SKOV3.DINACICLIB,CDK2,NHP2,0.545,gex
SKOV3.DINACICLIB,CDK1,CHEK1,0.1775,gex
SKOV3.DINACICLIB,CDK1,MAD2L1,0.182,gex
SKOV3.DINACICLIB,CDK2,RRM1,0.551,gex
SKOV3.DINACICLIB,CDK1,CDK9,0.1775,gex
SKOV3.DINACICLIB,CDK2,RAD9A,0.551,gex
SKOV3.DINACICLIB,CDK2,POLE,0.557,gex
SKOV3.MK-8776,CHEK1,MRE11A,0.71,gex
SKOV3.MK-8776,CHEK1,SMC2,0.2,gex
SKOV3.MK-8776,CDC25C,CHEK1,0.1775,gex
SKOV3.MK-8776,CHEK1,RRM1,0.647,gex
SKOV3.MK-8776,CDK1,CHEK1,0.1775,gex
SKOV3.MK-8776,CHEK1,TYMS,0.647,gex
SKOV3.MK-8776,CHEK1,KNTC1,0.197,gex
SKOV3.METHOTREXATE,DHFR,SMC2,0.182,gex
SKOV3.MK-5108,AURKA,BIRC5,0.2,gex
SKOV3.MK-5108,AURKA,TUBB1,0.5,gex
SKOV3.MK-5108,AURKA,NCAPH,0.2,gex
SKOV3.MK-5108,AURKA,KIF2C,0.167,gex
SKOV3.MK-5108,AURKA,RRM1,0.563,gex
SKOV3.MK-5108,AURKA,TYMS,0.563,gex
SKOV3.5-FU,ASPM,TYMS,0.5,gex
SKOV3.5-FU,AURKA,TYMS,0.563,gex
SKOV3.5-FU,CKS2,TYMS,0.452,gex
SKOV3.5-FU,CSE1L,TYMS,0.5,gex
SKOV3.5-FU,DUT,TYMS,0.56,gex
SKOV3.5-FU,KIF11,TYMS,0.203,gex
SKOV3.5-FU,BARD1,TYMS,0.2,gex
SKOV3.5-FU,CHEK1,TYMS,0.647,gex
SKOV3.5-FU,RRM1,TYMS,0.5,gex
SKOV3.5-FU,PBK,TYMS,0.191,gex
SKOV3.DASATINIB,DBF4,KIT,0.557,gex
SKOV3.TOPOTECAN,CHEK1,TOP1,0.1775,gex
SKOV3.BEZ-235,MTOR,RAD51,0.554,gex
SKOV3.BEZ-235,CDK4,PIK3CA,0.56,gex
SKOV3.BEZ-235,CDK4,MTOR,0.557,gex
SKOV3.BEZ-235,MTOR,NHP2,0.557,gex
SKOV3.BEZ-235,CHEK1,PIK3CA,0.1775,gex
SKOV3.BEZ-235,MTOR,RRM1,0.536,gex
SKOV3.BEZ-235,MTOR,RAD9A,0.554,gex
SKOV3.BEZ-235,MTOR,POLE,0.542,gex
SKOV3.SN-38,RAD51,TOP2A,0.212,gex
SKOV3.SN-38,POLE2,TOP2A,0.2,gex
SKOV3.SN-38,STMN1,TOP2A,0.209,gex
SKOV3.SN-38,CENPF,TOP2A,0.224,gex
SKOV3.SN-38,CHEK1,TOP1,0.1775,gex
SKOV3.SN-38,ATAD2,TOP2A,0.2,gex
SKOV3.ERLOTINIB,EGFR,RAD51,0.515,gex
SKOV3.ERLOTINIB,AURKA,EGFR,0.8325,gex
SKOV3.ERLOTINIB,CDK4,EGFR,0.545,gex
SKOV3.ERLOTINIB,EGFR,NHP2,0.536,gex
SKOV3.ERLOTINIB,EGFR,KIAA1524,0.56,gex
SKOV3.ERLOTINIB,EGFR,RRM1,0.521,gex
SKOV3.ERLOTINIB,EGFR,RAD9A,0.554,gex
SKOV3.ERLOTINIB,EGFR,POLE,0.533,gex
UWB1289.SORAFENIB,CST4,PDGFRA,0.506,gex
UWB1289.SORAFENIB,CST4,PDGFRB,0.506,gex
UWB1289.SORAFENIB,CST4,KIT,0.506,gex
UWB1289.SORAFENIB,PDGFRA,UBE3A,0.509,gex
UWB1289.SORAFENIB,PDGFRB,UBE3A,0.509,gex
UWB1289.SORAFENIB,KIT,UBE3A,0.509,gex
UWB1289.SORAFENIB,ATP7A,PDGFRA,0.509,gex
UWB1289.SORAFENIB,ATP7A,PDGFRB,0.509,gex
UWB1289.SORAFENIB,ATP7A,KIT,0.509,gex
UWB1289.GEMCITABINE,PDPK1,RRM1,0.47,gex
UWB1289.GEMCITABINE,PDPK1,TYMS,0.47,gex
UWB1289.GEMCITABINE,CMPK1,PDPK1,0.47,gex
UWB1289.SUNITINIB,CST4,PDGFRA,0.506,gex
UWB1289.SUNITINIB,CST4,PDGFRB,0.506,gex
UWB1289.SUNITINIB,CST4,KIT,0.506,gex
UWB1289.SUNITINIB,PDGFRA,UBE3A,0.509,gex
UWB1289.SUNITINIB,PDGFRB,UBE3A,0.509,gex
UWB1289.SUNITINIB,KIT,UBE3A,0.509,gex
UWB1289.SUNITINIB,ATP7A,PDGFRA,0.509,gex
UWB1289.SUNITINIB,ATP7A,PDGFRB,0.509,gex
UWB1289.SUNITINIB,ATP7A,KIT,0.509,gex
UWB1289.5-FU,PDPK1,TYMS,0.47,gex
UWB1289.DASATINIB,CST4,KIT,0.506,gex
UWB1289.DASATINIB,KIT,UBE3A,0.509,gex
UWB1289.DASATINIB,ATP7A,KIT,0.509,gex
VCAP.MK-4827,PARP1,TNFRSF10B,0.56,gex
VCAP.MK-4827,PARP2,TNFRSF10B,0.551,gex
VCAP.MK-4827,PARP1,SESN2,0.554,gex
VCAP.MK-4827,PARP2,SESN2,0.557,gex
VCAP.MK-4827,PARP1,STAT3,0.273125,gex
VCAP.MK-4827,ATR,PARP1,0.4305,gex
VCAP.SORAFENIB,LAPTM4B,PDGFRA,0.506,gex
VCAP.SORAFENIB,LAPTM4B,PDGFRB,0.506,gex
VCAP.SORAFENIB,KIT,LAPTM4B,0.506,gex
VCAP.SORAFENIB,CARS,PDGFRA,0.506,gex
VCAP.SORAFENIB,CARS,PDGFRB,0.506,gex
VCAP.SORAFENIB,CARS,KIT,0.506,gex
VCAP.SORAFENIB,KDR,TNFRSF10B,0.554,gex
VCAP.SORAFENIB,PDGFRA,PYROXD1,0.503,gex
VCAP.SORAFENIB,PDGFRB,PYROXD1,0.503,gex
VCAP.SORAFENIB,KIT,PYROXD1,0.503,gex
VCAP.SORAFENIB,KDR,SESN2,0.554,gex
VCAP.SORAFENIB,ITGB1,PDGFRA,0.503,gex
VCAP.SORAFENIB,ITGB1,PDGFRB,0.503,gex
VCAP.SORAFENIB,ITGB1,KIT,0.503,gex
VCAP.SORAFENIB,CTSB,PDGFRA,0.506,gex
VCAP.SORAFENIB,CTSB,PDGFRB,0.506,gex
VCAP.SORAFENIB,CTSB,KIT,0.506,gex
VCAP.SORAFENIB,PDGFRA,PPP1R2,0.506,gex
VCAP.SORAFENIB,PDGFRB,PPP1R2,0.506,gex
VCAP.SORAFENIB,KIT,PPP1R2,0.506,gex
VCAP.ABT-888,PARP1,TNFRSF10B,0.56,gex
VCAP.ABT-888,PARP2,TNFRSF10B,0.551,gex
VCAP.ABT-888,PARP1,SESN2,0.554,gex
VCAP.ABT-888,PARP2,SESN2,0.557,gex
VCAP.ABT-888,PARP1,STAT3,0.273125,gex
VCAP.ABT-888,ATR,PARP1,0.4305,gex
VCAP.MK-8669,MTOR,TNFRSF10B,0.554,gex
VCAP.MK-8669,MTOR,SESN2,0.551,gex
VCAP.MK-8669,MAP1LC3B,MTOR,0.1775,gex
VCAP.MK-8669,ATR,MTOR,0.56,gex
VCAP.GEMCITABINE,CARS,RRM1,0.5,gex
VCAP.GEMCITABINE,CARS,TYMS,0.5,gex
VCAP.GEMCITABINE,CARS,CMPK1,0.5,gex
VCAP.GEMCITABINE,RRM1,TNFRSF10B,0.53,gex
VCAP.GEMCITABINE,RRM1,SESN2,0.53,gex
VCAP.GEMCITABINE,CDC42BPA,RRM1,0.479,gex
VCAP.GEMCITABINE,CDC42BPA,TYMS,0.479,gex
VCAP.GEMCITABINE,CDC42BPA,CMPK1,0.479,gex
VCAP.GEMCITABINE,ATR,RRM1,0.62,gex
VCAP.GEMCITABINE,ATR,TYMS,0.62,gex
VCAP.GEMCITABINE,ATR,CMPK1,0.62,gex
VCAP.SUNITINIB,LAPTM4B,PDGFRA,0.506,gex
VCAP.SUNITINIB,LAPTM4B,PDGFRB,0.506,gex
VCAP.SUNITINIB,KIT,LAPTM4B,0.506,gex
VCAP.SUNITINIB,CARS,PDGFRA,0.506,gex
VCAP.SUNITINIB,CARS,PDGFRB,0.506,gex
VCAP.SUNITINIB,CARS,KIT,0.506,gex
VCAP.SUNITINIB,KDR,TNFRSF10B,0.554,gex
VCAP.SUNITINIB,PDGFRA,PYROXD1,0.503,gex
VCAP.SUNITINIB,PDGFRB,PYROXD1,0.503,gex
VCAP.SUNITINIB,KIT,PYROXD1,0.503,gex
VCAP.SUNITINIB,KDR,SESN2,0.554,gex
VCAP.SUNITINIB,ITGB1,PDGFRA,0.503,gex
VCAP.SUNITINIB,ITGB1,PDGFRB,0.503,gex
VCAP.SUNITINIB,ITGB1,KIT,0.503,gex
VCAP.SUNITINIB,CTSB,PDGFRA,0.506,gex
VCAP.SUNITINIB,CTSB,PDGFRB,0.506,gex
VCAP.SUNITINIB,CTSB,KIT,0.506,gex
VCAP.SUNITINIB,PDGFRA,PPP1R2,0.506,gex
VCAP.SUNITINIB,PDGFRB,PPP1R2,0.506,gex
VCAP.SUNITINIB,KIT,PPP1R2,0.506,gex
VCAP.L778123,ARPC5,FNTA,0.164,gex
VCAP.LAPATINIB,EGFR,TNFRSF10B,0.512,gex
VCAP.LAPATINIB,EGFR,SESN2,0.548,gex
VCAP.LAPATINIB,BAG3,EGFR,0.173,gex
VCAP.LAPATINIB,EGFR,STAT3,0.85,gex
VCAP.LAPATINIB,EGFR,FLNA,0.855,gex
VCAP.MK-2206,AKT1,TNFRSF10B,0.1775,gex
VCAP.DINACICLIB,CDK2,TNFRSF10B,0.557,gex
VCAP.DINACICLIB,CDK2,SESN2,0.557,gex
VCAP.DINACICLIB,ATR,CDK1,0.1775,gex
VCAP.MK-8776,ATR,CHEK1,0.34334375,gex
VCAP.MK-5108,AURKA,STAT3,0.56,gex
VCAP.5-FU,CARS,TYMS,0.5,gex
VCAP.5-FU,CDC42BPA,TYMS,0.479,gex
VCAP.5-FU,ATR,TYMS,0.62,gex
VCAP.DASATINIB,KIT,LAPTM4B,0.506,gex
VCAP.DASATINIB,CARS,KIT,0.506,gex
VCAP.DASATINIB,SRC,TNFRSF10B,0.1775,gex
VCAP.DASATINIB,KIT,PYROXD1,0.503,gex
VCAP.DASATINIB,ITGB1,KIT,0.503,gex
VCAP.DASATINIB,CTSB,KIT,0.506,gex
VCAP.DASATINIB,KIT,PPP1R2,0.506,gex
VCAP.BEZ-235,MTOR,TNFRSF10B,0.554,gex
VCAP.BEZ-235,MTOR,SESN2,0.551,gex
VCAP.BEZ-235,MAP1LC3B,MTOR,0.1775,gex
VCAP.BEZ-235,ARPC5,PIK3CA,0.167,gex
VCAP.BEZ-235,PIK3CA,SMC6,0.167,gex
VCAP.BEZ-235,ATR,PIK3CA,0.34334375,gex
VCAP.BEZ-235,ATR,MTOR,0.56,gex
VCAP.ERLOTINIB,EGFR,TNFRSF10B,0.512,gex
VCAP.ERLOTINIB,EGFR,SESN2,0.548,gex
VCAP.ERLOTINIB,BAG3,EGFR,0.173,gex
VCAP.ERLOTINIB,EGFR,STAT3,0.85,gex
VCAP.ERLOTINIB,EGFR,FLNA,0.855,gex
